node1,node2,length,startLat,startLon,endLat,endLon,endNodeL,startNodeL,startYear,endYear,greatCircleDist_km
204,205,12.4588719302519,12.2724578618881,105.46421917499,12.2583301527544,105.457433697192,12.4588719302519,0,1956.95971524376,1969.41858717402,1.73735490588813
205,206,15.9372556847818,12.2583301527544,105.457433697192,12.4256058128456,105.404333355206,28.3961276150336,12.4588719302519,1969.41858717402,1985.3558428588,19.4966109603372
206,207,13.0708506217773,12.4256058128456,105.404333355206,12.5379898666469,105.222582963245,41.4669782368109,28.3961276150336,1985.3558428588,1998.42669348058,23.3833990825674
207,208,8.83502875261501,12.5379898666469,105.222582963245,12.5986380831691,104.683554398186,50.3020069894259,41.4669782368109,1998.42669348058,2007.26172223319,58.9566718424047
208,209,1.1676688771989,12.5986380831691,104.683554398186,12.5473879452206,104.921779822844,51.4696758666248,50.3020069894259,2007.26172223319,2008.42939111039,26.5055323365
209,210,0.427045353441521,12.5473879452206,104.921779822844,12.527182712183,104.973945398502,51.8967212200663,51.4696758666248,2008.42939111039,2008.85643646383,6.09874945341455
210,211,2.10610618481105,12.527182712183,104.973945398502,12.2945380990172,104.903296682107,54.0028274048774,51.8967212200663,2008.85643646383,2010.96254264864,27.0139251373881
211,212,0.140557328520016,12.2945380990172,104.903296682107,12.3128546189551,104.919236873035,54.1433847333974,54.0028274048774,2010.96254264864,2011.10309997716,2.67651545945142
212,9,1.798539367099,12.3128546189551,104.919236873035,12.4716194231704,104.970317711514,55.9419241004964,54.1433847333974,2011.10309997716,2012.90163934426,18.5264281420901
212,75,2.55443426941201,12.3128546189551,104.919236873035,11.5865993663515,104.386412301665,56.6978190028094,54.1433847333974,2011.10309997716,2013.65753424657,99.5196382287138
211,213,0.681422976422258,12.2945380990172,104.903296682107,12.3609820143356,104.928946361906,54.6842503812996,54.0028274048774,2010.96254264864,2011.64396562506,7.90533534574645
213,214,0.93031363563274,12.3609820143356,104.928946361906,12.4373928445743,104.844815097109,55.6145640169324,54.6842503812996,2011.64396562506,2012.5742792607,12.4912859238648
214,29,0.185283580831642,12.4373928445743,104.844815097109,12.5313882531418,104.831331203598,55.799847597764,55.6145640169324,2012.5742792607,2012.75956284153,10.566069826811
214,134,1.7161316982059,12.4373928445743,104.844815097109,12.4522965900526,104.896030617813,57.3306957151383,55.6145640169324,2012.5742792607,2014.2904109589,5.80950358803581
213,215,0.599326013489222,12.3609820143356,104.928946361906,12.4034441535372,104.884130807547,55.2835763947888,54.6842503812996,2011.64396562506,2012.24329163855,6.78903773406964
215,216,0.0430363819209507,12.4034441535372,104.884130807547,12.4342139854191,104.927600070462,55.3266127767098,55.2835763947888,2012.24329163855,2012.28632802047,5.83677746648458
216,217,0.109146632802799,12.4342139854191,104.927600070462,12.4634366106296,104.937943318886,55.4357594095126,55.3266127767098,2012.28632802047,2012.39547465328,3.44200231051593
217,218,0.367073600576172,12.4634366106296,104.937943318886,12.5431952335162,104.948299060836,55.8028330100888,55.4357594095126,2012.39547465328,2012.76254825385,8.95008814888823
218,219,0.342313781811521,12.5431952335162,104.948299060836,12.5796372576239,104.975574739487,56.1451467919003,55.8028330100888,2012.76254825385,2013.10486203566,5.0241416468102
219,220,0.240365968611835,12.5796372576239,104.975574739487,12.5350671703038,104.992921839602,56.3855127605121,56.1451467919003,2013.10486203566,2013.34522800428,5.30769753251193
220,221,0.608948862616647,12.5350671703038,104.992921839602,12.5498036547263,105.034889643953,56.9944616231288,56.3855127605121,2013.34522800428,2013.95417686689,4.84661550928211
221,73,0.580069708447716,12.5498036547263,105.034889643953,12.500221953006,105.013494344821,57.5745313315765,56.9944616231288,2013.95417686689,2014.53424657534,5.98936415417717
221,104,3.64308340707785,12.5498036547263,105.034889643953,12.681521347815,105.107887396384,60.6375450302066,56.9944616231288,2013.95417686689,2017.59726027397,16.6703647385045
220,87,3.73970350257116,12.5350671703038,104.992921839602,12.5367982546996,105.109702700573,60.1252162630833,56.3855127605121,2013.34522800428,2017.08493150685,12.6920297044503
219,117,3.52901774575455,12.5796372576239,104.975574739487,12.4268011907193,105.021345266308,59.6741645376548,56.1451467919003,2013.10486203566,2016.63387978142,17.7265966692515
218,145,0.103571964724523,12.5431952335162,104.948299060836,12.5456944871947,104.889519904395,55.9064049748133,55.8028330100888,2012.76254825385,2012.86612021858,6.39337187650171
217,56,1.51411438781731,12.4634366106296,104.937943318886,12.5222245660519,104.893689661147,56.9498737973299,55.4357594095126,2012.39547465328,2013.90958904109,8.12189128980076
216,76,0.768466500072325,12.4342139854191,104.927600070462,11.6056920546188,104.670598509761,56.0950792767821,55.3266127767098,2012.28632802047,2013.05479452055,96.3856854353707
215,43,0.762187813499933,12.4034441535372,104.884130807547,12.3889685732248,104.884870662021,56.0457642082888,55.2835763947888,2012.24329163855,2013.00547945205,1.61348421918423
210,28,6.96000189233207,12.527182712183,104.973945398502,12.1614176146942,104.877546976118,58.8567231123984,51.8967212200663,2008.85643646383,2015.81643835616,42.0462486152221
209,203,3.92580014643976,12.5473879452206,104.921779822844,12.5269574292134,104.817003293652,55.3954760130646,51.4696758666248,2008.42939111039,2012.35519125683,11.6109412071328
208,222,2.37394496190556,12.5986380831691,104.683554398186,12.6086347281889,104.645553360944,52.6759519513315,50.3020069894259,2007.26172223319,2009.6356671951,4.275842651983
222,223,2.14879156136559,12.6086347281889,104.645553360944,12.5765200149582,104.577275408822,54.8247435126971,52.6759519513315,2009.6356671951,2011.78445875646,8.23469239564321
223,224,0.723944221267415,12.5765200149582,104.577275408822,12.6179902604004,104.575055699174,55.5486877339645,54.8247435126971,2011.78445875646,2012.50840297773,4.62292265717398
224,225,0.955946292404428,12.6179902604004,104.575055699174,12.6012985848393,104.632217252676,56.5046340263689,55.5486877339645,2012.50840297773,2013.46434927013,6.48200851840287
225,133,1.29729456548166,12.6012985848393,104.632217252676,12.6047410507593,104.595500024223,57.8019285918506,56.5046340263689,2013.46434927013,2014.76164383562,4.0073829764719
225,137,3.5986644284953,12.6012985848393,104.632217252676,12.4784627378343,104.820903326257,60.1032984548642,56.5046340263689,2013.46434927013,2017.06301369863,24.6457926067766
224,226,0.284653018927249,12.6179902604004,104.575055699174,12.6719016295067,104.552075607171,55.8333407528917,55.5486877339645,2012.50840297773,2012.79305599666,6.50003102522183
226,79,1.64256044169854,12.6719016295067,104.552075607171,12.6684416063595,104.569504468375,57.4759011945903,55.8333407528917,2012.79305599666,2014.43561643835,1.93179167261607
226,23,0.26721797594512,12.6719016295067,104.552075607171,12.6285343277438,104.543240923372,56.1005587288368,55.8333407528917,2012.79305599666,2013.0602739726,4.92226666587017
223,227,2.33891842516143,12.5765200149582,104.577275408822,12.7915889808006,104.4126806843,57.1636619378585,54.8247435126971,2011.78445875646,2014.12337718162,29.8796024351839
227,228,0.446861404807902,12.7915889808006,104.4126806843,12.8709570257838,104.387960631999,57.6105233426664,57.1636619378585,2014.12337718162,2014.57023858643,9.23399742384203
228,129,1.19414497521154,12.8709570257838,104.387960631999,12.9569847637132,104.366858114558,58.8046683178779,57.6105233426664,2014.57023858643,2015.76438356164,9.84687535957832
228,198,0.832501139595131,12.8709570257838,104.387960631999,12.4332044826797,104.571695585158,58.4430244822615,57.6105233426664,2014.57023858643,2015.40273972603,52.6605570072847
227,229,0.945419662441497,12.7915889808006,104.4126806843,12.8067855573752,104.363286658089,58.1090816003,57.1636619378585,2014.12337718162,2015.06879684406,5.62264649193696
229,27,0.0818880874410173,12.8067855573752,104.363286658089,12.8384147450721,104.353307225066,58.190969687741,58.1090816003,2015.06879684406,2015.15068493151,3.6839445942328
229,19,2.8572305531943,12.8067855573752,104.363286658089,12.0153595463235,104.506881961699,60.9663121534943,58.1090816003,2015.06879684406,2017.92602739726,89.4771055921504
222,230,0.72951967852085,12.6086347281889,104.645553360944,12.5431452328571,104.584444996081,53.4054716298523,52.6759519513315,2009.6356671951,2010.36518687362,9.86085420307594
230,105,6.24956722474242,12.5431452328571,104.584444996081,12.5875490429098,104.702822049948,59.6550388545947,53.4054716298523,2010.36518687362,2016.61475409836,13.7797158058422
230,93,6.71426518117625,12.5431452328571,104.584444996081,12.6554321584565,104.541737890851,60.1197368110286,53.4054716298523,2010.36518687362,2017.07945205479,13.3335453410046
207,231,10.7210550566746,12.5379898666469,105.222582963245,12.5587137502867,104.951313915686,52.1880332934855,41.4669782368109,1998.42669348058,2009.14774853725,29.5675064638282
231,18,3.44787987804909,12.5587137502867,104.951313915686,12.6417886179109,105.017172868899,55.6359131715346,52.1880332934855,2009.14774853725,2012.5956284153,11.6929418113303
231,157,4.08786790110468,12.5587137502867,104.951313915686,12.9957496897759,104.963794166907,56.2759011945902,52.1880332934855,2009.14774853725,2013.23561643835,48.671396278942
206,232,20.6151286569284,12.4256058128456,105.404333355206,12.3521248440841,105.344972149785,49.0112562719621,28.3961276150336,1985.3558428588,2005.97097151573,10.4199425517532
232,103,8.08656273084742,12.3521248440841,105.344972149785,12.3856620928458,105.209214626617,57.0978190028095,49.0112562719621,2005.97097151573,2014.05753424657,15.2270579991949
232,233,3.73684019223519,12.3521248440841,105.344972149785,12.3395300519826,105.314874406087,52.7480964641972,49.0112562719621,2005.97097151573,2009.70781170796,3.5607814903378
233,234,1.13250936924417,12.3395300519826,105.314874406087,12.3693587129511,105.352480337128,53.8806058334414,52.7480964641972,2009.70781170796,2010.84032107721,5.26788399097287
234,235,2.83924687199362,12.3693587129511,105.352480337128,12.3547024787088,105.58705680303,56.719852705435,53.8806058334414,2010.84032107721,2013.6795679492,25.5606178145969
235,122,3.21933915462423,12.3547024787088,105.58705680303,12.4943840727458,105.625669205494,59.9391918600593,56.719852705435,2013.6795679492,2016.89890710382,16.1065477604318
235,189,3.08819161364058,12.3547024787088,105.58705680303,12.37538601254,105.575035784562,59.8080443190756,56.719852705435,2013.6795679492,2016.76775956284,2.64774668606183
234,199,4.71858303238175,12.3693587129511,105.352480337128,12.4120010732484,103.798664382953,58.5991888658232,53.8806058334414,2010.84032107721,2015.55890410959,169.014129343699
233,236,0.913529688885162,12.3395300519826,105.314874406087,12.2942729629834,105.321987892036,53.6616261530824,52.7480964641972,2009.70781170796,2010.62134139685,5.09725150442929
236,237,2.22419469809031,12.2942729629834,105.321987892036,12.2413105661091,105.398878057961,55.8858208511727,53.6616261530824,2010.62134139685,2012.84553609494,10.2334385770621
237,125,1.72706664478746,12.2413105661091,105.398878057961,12.2734306814268,105.378203944044,57.6128874959602,55.8858208511727,2012.84553609494,2014.57260273972,4.22423244762745
237,39,2.47501185026694,12.2413105661091,105.398878057961,12.3096534647331,105.322556181348,58.3608327014397,55.8858208511727,2012.84553609494,2015.3205479452,11.26103850843
236,14,7.3320832606859,12.2942729629834,105.321987892036,12.528993062385,105.441892381349,60.9937094137683,53.6616261530824,2010.62134139685,2017.95342465753,29.2013398819653
205,238,8.905451575769,12.2583301527544,105.457433697192,12.0934812643654,105.510529232111,21.3643235060209,12.4588719302519,1969.41858717402,1978.32403874979,19.2396772292192
238,239,23.7206774444556,12.0934812643654,105.510529232111,12.0847269558291,105.441032511981,45.0850009504765,21.3643235060209,1978.32403874979,2002.04471619424,7.62758435076671
239,240,1.83383531891266,12.0847269558291,105.441032511981,12.3370063933306,105.464666069242,46.9188362693891,45.0850009504765,2002.04471619424,2003.87855151315,28.202199833369
240,241,2.35923760098636,12.3370063933306,105.464666069242,12.2412607796897,105.468280341858,49.2780738703755,46.9188362693891,2003.87855151315,2006.23778911414,10.6660200772289
241,242,6.69975799791317,12.2412607796897,105.468280341858,12.523649236743,105.225437363955,55.9778318682887,49.2780738703755,2006.23778911414,2012.93754711205,41.0548314230557
242,243,0.478332652059171,12.523649236743,105.225437363955,12.6225228237917,105.381226966689,56.4561645203478,55.9778318682887,2012.93754711205,2013.41587976411,20.1911816036144
243,21,1.26905174273559,12.6225228237917,105.381226966689,12.844163472474,105.221338859858,57.7252162630834,56.4561645203478,2013.41587976411,2014.68493150685,30.1699565032341
243,52,0.411517496160216,12.6225228237917,105.381226966689,12.6705636830883,105.446430428743,56.867682016508,56.4561645203478,2013.41587976411,2013.82739726027,8.87498371075998
242,80,0.925466586575488,12.523649236743,105.225437363955,12.5821779631272,105.213989241401,56.9032984548641,55.9778318682887,2012.93754711205,2013.86301369863,6.63333396641289
241,244,5.79814758711736,12.2412607796897,105.468280341858,12.0175323117836,105.341372192511,55.0762214574928,49.2780738703755,2006.23778911414,2012.03593670126,28.4799905294258
244,245,0.0926024211179115,12.0175323117836,105.341372192511,12.0137248245475,105.348624426199,55.1688238786108,55.0762214574928,2012.03593670126,2012.12853912238,0.896226169147789
245,246,0.134212826671575,12.0137248245475,105.348624426199,12.0185727307191,105.344035724968,55.3030367052823,55.1688238786108,2012.12853912238,2012.26275194905,0.735460430810399
246,247,1.10641310911075,12.0185727307191,105.344035724968,12.0585208990057,105.372025583598,56.4094498143931,55.3030367052823,2012.26275194905,2013.36916505816,5.39111978719545
247,150,3.35214641725093,12.0585208990057,105.372025583598,12.4442066138096,105.774577062054,59.761596231644,56.4094498143931,2013.36916505816,2016.72131147541,61.3296114951084
247,202,3.42591690905402,12.0585208990057,105.372025583598,12.5425926055879,105.240379013395,59.8353667234471,56.4094498143931,2013.36916505816,2016.79508196721,55.7586531375346
246,123,3.69341243451333,12.0185727307191,105.344035724968,12.433358697832,105.422269259399,58.9964491397957,55.3030367052823,2012.26275194905,2015.95616438356,46.9535240431738
245,192,5.73721430228075,12.0137248245475,105.348624426199,11.6762177522696,105.432817496099,60.9060381808915,55.1688238786108,2012.12853912238,2017.86575342466,38.6761645315182
244,161,5.31200850422061,12.0175323117836,105.341372192511,11.5263284644748,105.274811220174,60.3882299617135,55.0762214574928,2012.03593670126,2017.34794520548,55.1617534083948
240,49,11.4967909525984,12.3370063933306,105.464666069242,12.2165496803027,105.412729145637,58.4156272219875,46.9188362693891,2003.87855151315,2015.37534246575,14.5512275713205
239,248,3.25787631559738,12.0847269558291,105.441032511981,12.1216270101969,105.315708428335,48.3428772660739,45.0850009504765,2002.04471619424,2005.30259250984,14.2465224836463
248,249,0.0638603426457305,12.1216270101969,105.315708428335,12.1320076445164,105.290834579582,48.4067376087196,48.3428772660739,2005.30259250984,2005.36645285248,2.94358731761537
249,4,9.66368413381586,12.1320076445164,105.290834579582,12.3159561540813,105.400623324947,58.0704217425355,48.4067376087196,2005.36645285248,2015.0301369863,23.7070803783082
249,250,1.15173976739661,12.1320076445164,105.290834579582,12.2454295319761,105.243607542008,49.5584773761162,48.4067376087196,2005.36645285248,2006.51819261988,13.6322855465711
250,47,9.13386217463847,12.2454295319761,105.243607542008,12.4471186360215,105.228315604845,58.6923395507547,49.5584773761162,2006.51819261988,2015.65205479452,22.5143129436922
250,251,5.75814350443192,12.2454295319761,105.243607542008,12.152159452485,105.098630022578,55.3166208805481,49.5584773761162,2006.51819261988,2012.27633612431,18.8855031151131
251,136,5.07982825924764,12.152159452485,105.098630022578,12.111248787515,105.323456836047,60.3964491397958,55.3166208805481,2012.27633612431,2017.35616438356,24.8898512153309
251,252,4.82878498682997,12.152159452485,105.098630022578,12.2229207839627,104.930222762755,60.1454058673781,55.3166208805481,2012.27633612431,2017.10512111114,19.9466043676311
252,54,0.631865190225804,12.2229207839627,104.930222762755,12.2583692846911,104.804991791134,60.7772710576039,60.1454058673781,2017.10512111114,2017.73698630137,14.1842618035173
252,36,0.0702213546093535,12.2229207839627,104.930222762755,12.2183868275722,104.939763667576,60.2156272219874,60.1454058673781,2017.10512111114,2017.17534246575,1.15426738748563
248,253,2.65284805678851,12.1216270101969,105.315708428335,12.0130827884169,105.434724156592,50.9957253228624,48.3428772660739,2005.30259250984,2007.95544056663,17.7167641234203
253,254,3.74859954341705,12.0130827884169,105.434724156592,12.0650917196249,105.449382672231,54.7443248662794,50.9957253228624,2007.95544056663,2011.70404011004,6.00576856720906
254,42,1.56171331461218,12.0650917196249,105.449382672231,11.976486811926,105.339632039401,56.3060381808916,54.7443248662794,2011.70404011004,2013.26575342466,15.4950544871498
254,11,0.476287758807018,12.0650917196249,105.449382672231,11.9382446057584,105.455465444424,55.2206126250864,54.7443248662794,2011.70404011004,2012.18032786885,14.136637304229
253,255,1.37821684040162,12.0130827884169,105.434724156592,11.8953910863554,105.351587795405,52.373942163264,50.9957253228624,2007.95544056663,2009.33365740703,15.9261076010687
255,256,1.44172821700985,11.8953910863554,105.351587795405,11.9223301723347,105.41270098017,53.8156703802738,52.373942163264,2009.33365740703,2010.77538562404,7.3012652344227
256,257,0.527862145098295,11.9223301723347,105.41270098017,12.1273311312696,105.458939027617,54.3435325253721,53.8156703802738,2010.77538562404,2011.30324776914,23.3702064489065
257,65,1.70223168291666,12.1273311312696,105.458939027617,12.033017842458,105.450165712,56.0457642082888,54.3435325253721,2011.30324776914,2013.00547945205,10.5426682219046
257,258,0.884677276278008,12.1273311312696,105.458939027617,12.0856266009019,105.59404047513,55.2282098016501,54.3435325253721,2011.30324776914,2012.18792504541,15.4209932082902
258,16,1.64495166691263,12.0856266009019,105.59404047513,11.9618026445163,105.64104432735,56.8731614685628,55.2282098016501,2012.18792504541,2013.83287671233,14.7039645847057
258,183,2.7408420778715,12.0856266009019,105.59404047513,12.0970752592333,105.602919023374,57.9690518795216,55.2282098016501,2012.18792504541,2014.92876712329,1.59950961180567
256,259,0.00716895877341184,11.9223301723347,105.41270098017,11.9132300258748,105.419353506996,53.8228393390472,53.8156703802738,2010.77538562404,2010.78255458281,1.24554178036881
259,260,0.32784413937026,11.9132300258748,105.419353506996,11.9702447045744,105.464074802743,54.1506834784175,53.8228393390472,2010.78255458281,2011.11039872218,8.00064668364483
260,261,1.4631206859394,11.9702447045744,105.464074802743,12.0328740654389,105.469691906944,55.6138041643569,54.1506834784175,2011.11039872218,2012.57351940812,6.99892078100137
261,262,1.38395989447239,12.0328740654389,105.469691906944,11.8774152942531,105.506259170441,56.9977640588293,55.6138041643569,2012.57351940812,2013.95747930259,17.7585884869404
262,26,0.735671382336202,11.8774152942531,105.506259170441,11.8558606682065,105.505302266929,57.7334354411655,56.9977640588293,2013.95747930259,2014.69315068493,2.40180794892801
262,86,1.60142480699387,11.8774152942531,105.506259170441,11.8806207901371,105.510612052673,58.5991888658232,56.9977640588293,2013.95747930259,2015.55890410959,0.593471407945513
261,263,0.878953753139848,12.0328740654389,105.469691906944,12.0325472592882,105.547615973301,56.4927579174967,55.6138041643569,2012.57351940812,2013.45247316126,8.48429027513603
263,81,1.35300629079221,12.0325472592882,105.547615973301,11.8546885878177,105.525156223705,57.845764208289,56.4927579174967,2013.45247316126,2014.80547945205,19.950450012364
263,264,0.0224996424475554,12.0325472592882,105.547615973301,12.0368009155156,105.566702630807,56.5152575599443,56.4927579174967,2013.45247316126,2013.47497280371,2.13136980715985
264,265,2.339730247599,12.0368009155156,105.566702630807,12.1591568734527,105.58299569684,58.8549878075433,56.5152575599443,2013.47497280371,2015.81470305131,13.7361133912653
265,97,0.58420405251596,12.1591568734527,105.58299569684,12.1805667858352,105.513646357127,59.4391918600593,58.8549878075433,2015.81470305131,2016.39890710382,7.91416671519574
265,190,0.94759203065806,12.1591568734527,105.58299569684,12.1470964467311,105.685353745679,59.8025798382014,58.8549878075433,2015.81470305131,2016.76229508197,11.2201358640136
264,12,1.40173952505686,12.0368009155156,105.566702630807,12.0443223943607,105.507020945414,57.9169970850012,56.5152575599443,2013.47497280371,2014.87671232877,6.55155651094017
260,266,0.276321142617286,11.9702447045744,105.464074802743,12.0441597732474,105.423417401568,54.4270046210348,54.1506834784175,2011.11039872218,2011.3867198648,9.34386100084154
266,82,3.55574588862386,12.0441597732474,105.423417401568,12.3525618175362,105.454762729196,57.9827505096587,54.4270046210348,2011.3867198648,2014.94246575342,34.5015077722813
266,267,1.11259628481091,12.0441597732474,105.423417401568,12.049438526051,105.452269315482,55.5396009058457,54.4270046210348,2011.3867198648,2012.49931614961,3.19566861570571
267,51,0.678766042169094,12.049438526051,105.452269315482,12.7116126478116,105.985701474781,56.2183669480148,55.5396009058457,2012.49931614961,2013.17808219178,93.7992291290883
267,182,1.43767015175823,12.049438526051,105.452269315482,12.0346495174107,105.458569859515,56.9772710576039,55.5396009058457,2012.49931614961,2013.93698630137,1.7835591303727
259,268,0.141663002327352,11.9132300258748,105.419353506996,11.9245984748842,105.484183164536,53.9645023413746,53.8228393390472,2010.78255458281,2010.92421758514,7.17400814013965
268,269,0.0154631330661941,11.9245984748842,105.484183164536,11.9155015582006,105.504283218706,53.9799654744408,53.9645023413746,2010.92421758514,2010.93968071821,2.41223778836897
269,63,1.33081108507195,11.9155015582006,105.504283218706,12.1793424700389,105.714106875543,55.3107765595127,53.9799654744408,2010.93968071821,2012.27049180328,37.2094834313974
269,270,0.00284968664817153,11.9155015582006,105.504283218706,11.9198015605017,105.504249442199,53.982815161089,53.9799654744408,2010.93968071821,2010.94253040485,0.478707047804832
270,271,2.12288213297239,11.9198015605017,105.504249442199,12.0041192118108,105.472267986281,56.1056972940614,53.982815161089,2010.94253040485,2013.06541253783,10.011935765007
271,272,0.364788894477539,12.0041192118108,105.472267986281,12.0155722170904,105.44587438024,56.4704861885389,56.1056972940614,2013.06541253783,2013.4302014323,3.14405097162844
272,100,1.53144240331172,12.0155722170904,105.44587438024,11.615207545811,105.400909828813,58.0019285918506,56.4704861885389,2013.4302014323,2014.96164383562,44.8386388182642
272,273,0.0822848434400925,12.0155722170904,105.44587438024,12.0175844288277,105.431120017681,56.552771031979,56.4704861885389,2013.4302014323,2013.51248627574,1.62206321520165
273,176,1.87381509411816,12.0175844288277,105.431120017681,12.5561775037949,105.143558772631,58.4265861260971,56.552771031979,2013.51248627574,2015.38630136986,67.6267072036972
273,156,0.213541121515255,12.0175844288277,105.431120017681,12.0389225923503,105.373945022784,56.7663121534942,56.552771031979,2013.51248627574,2013.72602739726,6.66302131031732
271,147,0.0880121197070061,12.0041192118108,105.472267986281,12.0156505961667,105.498514818469,56.1937094137684,56.1056972940614,2013.06541253783,2013.15342465753,3.13301364487906
270,274,3.23392537005424,11.9198015605017,105.504249442199,11.9351143353458,105.463696890281,57.2167405311432,53.982815161089,2010.94253040485,2014.17645577491,4.73453414911784
274,174,0.223544225090961,11.9351143353458,105.463696890281,11.9332413438447,105.442706846004,57.4402847562342,57.2167405311432,2014.17645577491,2014.4,2.29567594368286
274,50,0.818064773036156,11.9351143353458,105.463696890281,11.9039911217008,105.37337971084,58.0348053041794,57.2167405311432,2014.17645577491,2014.99452054794,10.4299700770429
268,275,0.965426743818758,11.9245984748842,105.484183164536,11.9974335343623,105.427569754435,54.9299290851934,53.9645023413746,2010.92421758514,2011.88964432896,10.1862026587572
275,169,5.27199950665707,11.9974335343623,105.427569754435,11.931799432056,105.449121561036,60.2019285918504,54.9299290851934,2011.88964432896,2017.16164383561,7.67436927655558
275,155,1.30487621898582,11.9974335343623,105.427569754435,11.8691102683252,105.372857735309,56.2348053041792,54.9299290851934,2011.88964432896,2013.19452054794,15.4785352347175
255,276,1.47841780383002,11.8953910863554,105.351587795405,11.8403061159478,105.385688385461,53.852359967094,52.373942163264,2009.33365740703,2010.81207521086,7.16982992745829
276,277,0.657402925373868,11.8403061159478,105.385688385461,11.8459202356884,105.397543815511,54.5097628924679,53.852359967094,2010.81207521086,2011.46947813623,1.43495342848784
277,193,4.12778213773874,11.8459202356884,105.397543815511,12.307570167918,105.148029506781,58.6375450302066,54.5097628924679,2011.46947813623,2015.59726027397,58.1290195526308
277,60,1.47587705502298,11.8459202356884,105.397543815511,12.0123259689943,105.635692961827,55.9856399474909,54.5097628924679,2011.46947813623,2012.94535519126,31.87493448365
276,127,4.07011656996187,11.8403061159478,105.385688385461,11.6873266574882,105.41014555764,57.9224765370559,53.852359967094,2010.81207521086,2014.88219178082,17.2375964319108
238,278,2.79970355322261,12.0934812643654,105.510529232111,12.0820448783246,105.53336383147,24.1640270592435,21.3643235060209,1978.32403874979,1981.12374230301,2.79275266153346
278,279,1.42464530735003,12.0820448783246,105.53336383147,12.062005777694,105.519060881735,25.5886723665935,24.1640270592435,1981.12374230301,1982.54838761036,2.72047809063
279,280,1.28200055848856,12.062005777694,105.519060881735,12.0595354287211,105.491607262736,26.8706729250821,25.5886723665935,1982.54838761036,1983.83038816885,3.00140688259672
280,184,14.9860501873163,12.0595354287211,105.491607262736,12.4923418001726,105.104303552635,41.8567231123984,26.8706729250821,1983.83038816885,1998.81643835616,64.003329905797
280,281,2.53996368805696,12.0595354287211,105.491607262736,12.1029378251821,105.282472594936,29.4106366131391,26.8706729250821,1983.83038816885,1986.3703518569,23.2731134406724
281,282,6.74478178597796,12.1029378251821,105.282472594936,11.7177872533795,105.040578224876,36.155418399117,29.4106366131391,1986.3703518569,1993.11513364288,50.3254526824247
282,283,0.000324462738831244,11.7177872533795,105.040578224876,11.7172347465054,105.041255819051,36.1557428618558,36.155418399117,1993.11513364288,1993.11545810562,0.0961171125748187
283,121,5.80508983958372,11.7172347465054,105.041255819051,10.6895763230534,105.102883709726,41.9608327014396,36.1557428618558,1993.11545810562,1998.9205479452,114.600685968964
283,284,7.65713157436697,11.7172347465054,105.041255819051,11.8039158007605,105.087077956535,43.8128744362228,36.1557428618558,1993.11545810562,2000.77258967999,10.8653725423956
284,285,0.488866200743669,11.8039158007605,105.087077956535,11.8125149334847,105.025942917176,44.3017406369665,43.8128744362228,2000.77258967999,2001.26145588073,6.73019477019663
285,286,2.24261419306395,11.8125149334847,105.025942917176,11.9387467338235,104.988108174866,46.5443548300304,44.3017406369665,2001.26145588073,2003.50407007379,14.6446177413809
286,287,6.2928165715654,11.9387467338235,104.988108174866,11.9734768040597,104.944349191405,52.8371714015958,46.5443548300304,2003.50407007379,2009.79688664536,6.13681182363694
287,201,4.31818184778883,11.9734768040597,104.944349191405,11.9831120872512,104.945081963053,57.1553532493847,52.8371714015958,2009.79688664536,2014.11506849315,1.07560124565551
287,288,0.644722486445541,11.9734768040597,104.944349191405,11.9102545247423,104.949010251189,53.4818938880414,52.8371714015958,2009.79688664536,2010.44160913181,7.0564336670906
288,289,0.781384514617943,11.9102545247423,104.949010251189,12.1339366991084,105.02306461068,54.2632784026593,53.4818938880414,2010.44160913181,2011.22299364642,26.1740946127314
289,290,3.34092241055683,12.1339366991084,105.02306461068,12.0533696745825,104.820022178107,57.6042008132162,54.2632784026593,2011.22299364642,2014.56391605698,23.8523336439603
290,25,2.07542820531294,12.0533696745825,104.820022178107,12.053140065925,105.197271941607,59.6796290185291,57.6042008132162,2014.56391605698,2016.63934426229,41.0710422491082
290,195,0.701837367675445,12.0533696745825,104.820022178107,12.0881705845082,104.766116779511,58.3060381808916,57.6042008132162,2014.56391605698,2015.26575342466,7.03177644637204
289,44,0.979192145924583,12.1339366991084,105.02306461068,12.0197170857106,105.034333345551,55.2424705485839,54.2632784026593,2011.22299364642,2012.20218579235,12.774406148348
288,291,1.00984237363571,11.9102545247423,104.949010251189,11.9422298296632,104.925498485913,54.4917362616771,53.4818938880414,2010.44160913181,2011.45145150544,4.38510885027601
291,1,2.2060827411323,11.9422298296632,104.925498485913,11.9602742229444,104.851556291405,56.6978190028094,54.4917362616771,2011.45145150544,2013.65753424657,8.29986003695033
291,168,1.74580876852967,11.9422298296632,104.925498485913,12.0574061310406,105.026283102267,56.2375450302068,54.4917362616771,2011.45145150544,2013.19726027397,16.8772444908986
286,292,0.811028226818859,11.9387467338235,104.988108174866,11.8511985637344,104.933310355288,47.3553830568493,46.5443548300304,2003.50407007379,2004.31509830061,11.4289606108685
292,293,3.70412684752471,11.8511985637344,104.933310355288,11.7457258985382,104.896683413774,51.059509904374,47.3553830568493,2004.31509830061,2008.01922514814,12.401463742319
293,6,4.61465463328084,11.7457258985382,104.896683413774,11.9220986182745,104.910868305947,55.6741645376548,51.059509904374,2008.01922514814,2012.63387978142,19.6952301914493
293,294,2.77700512794092,11.7457258985382,104.896683413774,11.7278372049412,104.809845276724,53.8365150323149,51.059509904374,2008.01922514814,2010.79623027608,9.6722708803965
294,295,0.906998581864944,11.7278372049412,104.809845276724,11.7421102086755,104.751584146555,54.7435136141799,53.8365150323149,2010.79623027608,2011.70322885794,6.54606013064779
295,296,2.9357022169642,11.7421102086755,104.751584146555,11.7890451725869,104.887341286303,57.6792158311441,54.7435136141799,2011.70322885794,2014.63893107491,15.690980087897
296,191,2.5994250894735,11.7890451725869,104.887341286303,11.7210509352072,104.889402922008,60.2786409206176,57.6792158311441,2014.63893107491,2017.23835616438,7.57271604536675
296,66,2.04959351525398,11.7890451725869,104.887341286303,11.813030798299,104.807420928874,59.728809346398,57.6792158311441,2014.63893107491,2016.68852459016,9.1091370365921
295,138,4.53447606008691,11.7421102086755,104.751584146555,11.8263601408481,104.663385345368,59.2779896742668,54.7435136141799,2011.70322885794,2016.23770491803,13.4294734860816
294,297,0.256446869692034,11.7278372049412,104.809845276724,11.6843371353655,104.760420797169,54.092961902007,53.8365150323149,2010.79623027608,2011.05267714577,7.24416378050109
297,8,0.999235422533191,11.6843371353655,104.760420797169,11.6086223726631,104.726248944135,55.0921973245401,54.092961902007,2011.05267714577,2012.0519125683,9.21560855612879
297,298,0.484938463198383,11.6843371353655,104.760420797169,11.6135580591596,104.771577036271,54.5779003652053,54.092961902007,2011.05267714577,2011.53761560897,7.97273638591325
298,299,0.607237623971377,11.6135580591596,104.771577036271,11.89718107301,104.801617923014,55.1851379891767,54.5779003652053,2011.53761560897,2012.14485323294,31.7433160033393
299,119,1.95377690404358,11.89718107301,104.801617923014,11.85523716817,104.798493276485,57.1389148932203,55.1851379891767,2012.14485323294,2014.09863013698,4.68174929166939
299,74,0.896242657468394,11.89718107301,104.801617923014,11.8590301452143,104.747814227034,56.0813806466451,55.1851379891767,2012.14485323294,2013.04109589041,7.23835303856468
298,300,0.396060770448015,11.6135580591596,104.771577036271,11.5951418841736,104.739812555081,54.9739611356534,54.5779003652053,2011.53761560897,2011.93367637942,4.02511170116058
300,181,2.50741951099162,11.5951418841736,104.739812555081,11.0755320396536,104.758307544043,57.481380646645,54.9739611356534,2011.93367637942,2014.44109589041,57.8801958485966
300,78,0.137361871946903,11.5951418841736,104.739812555081,11.5806090385698,104.797542391107,55.1113230076003,54.9739611356534,2011.93367637942,2012.07103825136,6.50027038161008
292,61,9.1835318363711,11.8511985637344,104.933310355288,11.6678728683994,105.212495859821,56.5389148932204,47.3553830568493,2004.31509830061,2013.49863013698,36.6381129630915
285,301,1.0233240927927,11.8125149334847,105.025942917176,11.6864068988332,104.788632316199,45.3250647297592,44.3017406369665,2001.26145588073,2002.28477997352,29.4291777595316
301,302,8.57579091621516,11.6864068988332,104.788632316199,11.3265142311495,104.765780193327,53.9008556459743,45.3250647297592,2002.28477997352,2010.86057088974,40.1421238574937
302,102,3.33668938423241,11.3265142311495,104.765780193327,11.4333121363876,104.743818626244,57.2375450302068,53.9008556459743,2010.86057088974,2014.19726027397,12.1283386840527
302,2,2.00281708840182,11.3265142311495,104.765780193327,11.0637251546357,104.817229200496,55.9036727343762,53.9008556459743,2010.86057088974,2012.86338797814,29.7893437800447
301,303,2.81251471012884,11.6864068988332,104.788632316199,11.7040667333992,104.723155630066,48.137579439888,45.3250647297592,2002.28477997352,2005.09729468365,7.40358703617004
303,304,4.06116810229629,11.7040667333992,104.723155630066,11.515584526356,104.771364922147,52.1987475421843,48.137579439888,2005.09729468365,2009.15846278595,21.6311044497651
304,305,0.661614362418591,11.515584526356,104.771364922147,11.53622581319,104.764328161748,52.8603619046029,52.1987475421843,2009.15846278595,2009.82007714837,2.42267402697898
305,306,0.865965581667168,11.53622581319,104.764328161748,11.5587055823219,104.778344323622,53.7263274862701,52.8603619046029,2009.82007714837,2010.68604273003,2.93253486445092
306,307,1.46720595082217,11.5587055823219,104.778344323622,11.3246043711955,105.070138093948,55.1935334370922,53.7263274862701,2010.68604273003,2012.15324868086,41.14413294027
307,89,0.0243469475570608,11.3246043711955,105.070138093948,11.3156889824922,105.082352292758,55.2178803846493,55.1935334370922,2012.15324868086,2012.17759562841,1.66213148955483
307,308,1.04722875241053,11.3246043711955,105.070138093948,11.2782778302169,105.053665317531,56.2407621895028,55.1935334370922,2012.15324868086,2013.20047743327,5.4617714865312
308,144,1.11185133385457,11.2782778302169,105.053665317531,11.047531926707,104.911622298553,57.3526135233574,56.2407621895028,2013.20047743327,2014.31232876712,30.0086796474089
308,94,2.22144037495046,11.2782778302169,105.053665317531,11.172678692035,105.115161491773,58.4622025644532,56.2407621895028,2013.20047743327,2015.42191780822,13.5383923879809
306,309,0.068903484890769,11.5587055823219,104.778344323622,11.5291750755073,104.805635885589,53.7952309711608,53.7263274862701,2010.68604273003,2010.75494621493,4.43489967662235
309,310,0.00892147243984009,11.5291750755073,104.805635885589,11.5232898424553,104.814522936595,53.8041524436007,53.7952309711608,2010.75494621493,2010.76386768737,1.1700252707449
310,311,0.206477752396065,11.5232898424553,104.814522936595,11.5784795790129,104.828254132113,54.0106301959968,53.8041524436007,2010.76386768737,2010.97034543976,6.32383572591907
311,72,3.71458606708666,11.5784795790129,104.828254132113,12.5703393458067,105.095338912921,57.7252162630834,54.0106301959968,2010.97034543976,2014.68493150685,114.18143643767
311,312,1.24448741349156,11.5784795790129,104.828254132113,11.5323444148776,104.868732991438,55.2551176094883,54.0106301959968,2010.97034543976,2012.21483285325,6.77270393046171
312,99,3.52763290017052,11.5323444148776,104.868732991438,11.5674747625228,104.955975086761,58.7827505096588,55.2551176094883,2012.21483285325,2015.74246575342,10.2877968642001
312,313,0.5916485072219,11.5323444148776,104.868732991438,11.4969509112277,104.940593452982,55.8467661167102,55.2551176094883,2012.21483285325,2012.80648136047,8.77332136185974
313,126,0.662011790208789,11.4969509112277,104.940593452982,11.4132257177601,104.984537855586,56.508777906919,55.8467661167102,2012.80648136047,2013.46849315068,10.4815144131587
313,185,1.26749124226364,11.4969509112277,104.940593452982,11.3584398419381,104.995885909825,57.1142573589739,55.8467661167102,2012.80648136047,2014.07397260274,16.5579262259616
310,314,1.74020131214268,11.5232898424553,104.814522936595,11.4242501444255,104.774008501016,55.5443537557434,53.8041524436007,2010.76386768737,2012.50406899951,11.8784875071599
314,59,0.370247940381298,11.4242501444255,104.774008501016,11.5094462043477,104.832264312974,55.9146016961247,55.5443537557434,2012.50406899951,2012.87431693989,11.4170654255081
314,315,0.223709698354957,11.4242501444255,104.774008501016,11.4144926102035,104.846048741211,55.7680634540983,55.5443537557434,2012.50406899951,2012.72777869786,7.93573527104405
315,316,0.348606192974931,11.4144926102035,104.846048741211,11.4453198768102,104.897225391119,56.1166696470733,55.7680634540983,2012.72777869786,2013.07638489084,6.55443081941907
316,17,0.0386836023114068,11.4453198768102,104.897225391119,11.441344523367,104.894448403261,56.1553532493847,56.1166696470733,2013.07638489084,2013.11506849315,0.536340222098034
316,317,2.97137631925224,11.4453198768102,104.897225391119,11.4479967314959,104.892368281723,59.0880459663255,56.1166696470733,2013.07638489084,2016.04776121009,0.607994685064753
317,96,0.0970475330780722,11.4479967314959,104.892368281723,11.5708855134796,104.891014145226,59.1850934994036,59.0880459663255,2016.04776121009,2016.14480874317,13.6812524528974
317,318,0.0314085034972726,11.4479967314959,104.892368281723,11.4442097873547,104.907010072485,59.1194544698228,59.0880459663255,2016.04776121009,2016.07916971359,1.65225192850957
318,15,1.49891247819212,11.4442097873547,104.907010072485,11.3764376791262,104.874889588357,60.6183669480149,59.1194544698228,2016.07916971359,2017.57808219178,8.31910716662951
318,13,1.6167206973703,11.4442097873547,104.907010072485,11.2934219167986,104.896939925074,60.7361751671931,59.1194544698228,2016.07916971359,2017.69589041096,16.8222302126115
315,319,2.81039956256766,11.4144926102035,104.846048741211,11.4749436844919,104.887599536489,58.578463016666,55.7680634540983,2012.72777869786,2015.53817826043,8.11430165955565
319,116,0.978215182191065,11.4749436844919,104.887599536489,11.2223974525945,104.808777175612,59.556678198857,58.578463016666,2015.53817826043,2016.51639344262,29.4013014313602
319,149,1.62346557518444,11.4749436844919,104.887599536489,11.2594833709878,104.851280362188,60.2019285918504,58.578463016666,2015.53817826043,2017.16164383561,24.311202911328
309,320,0.707608041824111,11.5291750755073,104.805635885589,11.5458239830927,104.756748562237,54.502839012985,53.7952309711608,2010.75494621493,2011.46255425675,5.64528262731117
320,7,0.674057765107007,11.5458239830927,104.756748562237,11.5705390452097,104.688264580977,55.176896778092,54.502839012985,2011.46255425675,2012.13661202186,7.95993412758024
320,135,1.02105230062612,11.5458239830927,104.756748562237,11.43703627291,104.379191921037,55.5238913136111,54.502839012985,2011.46255425675,2012.48360655738,42.932072043542
305,321,0.716497747022152,11.53622581319,104.764328161748,11.463390127323,104.709808447074,53.5768596516251,52.8603619046029,2009.82007714837,2010.53657489539,10.0557530288429
321,322,1.0810355349434,11.463390127323,104.709808447074,12.0451648260721,104.830587426765,54.6578951865685,53.5768596516251,2010.53657489539,2011.61761043033,66.0896219457589
322,98,1.60978682993968,12.0451648260721,104.830587426765,12.1945223970435,104.797164573376,56.2676820165081,54.6578951865685,2011.61761043033,2013.22739726027,17.0203703939536
322,323,0.429955887744555,12.0451648260721,104.830587426765,12.0822452567675,104.861836275986,55.087851074313,54.6578951865685,2011.61761043033,2012.04756631808,5.34910351553751
323,177,5.89763916137299,12.0822452567675,104.861836275986,11.8294511020126,105.018771687423,60.985490235686,55.087851074313,2012.04756631808,2017.94520547945,32.9256488473273
323,67,3.17709121616754,12.0822452567675,104.861836275986,11.8439196499609,105.154446600562,58.2649422904806,55.087851074313,2012.04756631808,2015.22465753425,41.465864523084
321,324,2.84378184206444,11.463390127323,104.709808447074,11.5682060260926,104.86648038073,56.4206414936895,53.5768596516251,2010.53657489539,2013.38035673745,20.6937170408738
324,325,0.110368255632483,11.5682060260926,104.86648038073,11.5696032126408,104.8192766764,56.531009749322,56.4206414936895,2013.38035673745,2013.49072499309,5.15049093212644
325,165,2.01886404800806,11.5696032126408,104.8192766764,11.4176669724875,104.806396709384,58.54987379733,56.531009749322,2013.49072499309,2015.50958904109,16.9723922793542
325,326,1.53221680789044,11.5696032126408,104.8192766764,11.7234157682912,104.742290737655,58.0632265572124,56.531009749322,2013.49072499309,2015.02294180098,19.069749481862
326,327,0.871429102660208,11.7234157682912,104.742290737655,11.6151102771813,104.843090048012,58.9346556598726,58.0632265572124,2015.02294180098,2015.89437090364,16.3137573201878
327,158,0.805082648273909,11.6151102771813,104.843090048012,11.6008023012915,104.86625942288,59.7397383081465,58.9346556598726,2015.89437090364,2016.69945355191,2.98672600310994
327,328,0.263156718837328,11.6151102771813,104.843090048012,11.5796491578773,104.870327104229,59.19781237871,58.9346556598726,2015.89437090364,2016.15752762247,4.94028016401138
328,140,1.48082854190769,11.5796491578773,104.870327104229,11.7161710966344,104.751515704695,60.6786409206177,59.19781237871,2016.15752762247,2017.63835616438,19.9698311244968
328,3,0.796024290092497,11.5796491578773,104.870327104229,11.5504907461522,104.886471056951,59.9938366688025,59.19781237871,2016.15752762247,2016.95355191257,3.69280749904105
326,32,1.31312377279202,11.7234157682912,104.742290737655,11.825827577598,104.884666348835,59.3763503300044,58.0632265572124,2015.02294180098,2016.33606557377,19.2544862763554
324,329,0.451937141258752,11.5682060260926,104.86648038073,11.5156000242987,104.906177825974,56.8725786349483,56.4206414936895,2013.38035673745,2013.83229387871,7.28315929614226
329,330,0.357337176683645,11.5156000242987,104.906177825974,11.4734434514937,104.895034137657,57.2299158116319,56.8725786349483,2013.83229387871,2014.1896310554,4.84793045504905
330,55,2.55353834350935,11.4734434514937,104.895034137657,11.4176227700342,105.031229093952,59.7834541551412,57.2299158116319,2014.1896310554,2016.74316939891,16.1072242502942
330,331,0.487185728731427,11.4734434514937,104.895034137657,11.4900549422405,104.925047190406,57.7171015403633,57.2299158116319,2014.1896310554,2014.67681678413,3.7604291411581
331,332,0.620824057086206,11.4900549422405,104.925047190406,11.4152141514989,104.799522834507,58.3379255974495,57.7171015403633,2014.67681678413,2015.29764084121,16.0307563898347
332,130,1.58214057954961,11.4152141514989,104.799522834507,11.4855768827013,104.818036148177,59.9200661769991,58.3379255974495,2015.29764084121,2016.87978142076,8.0893085035185
332,333,0.507117823308854,11.4152141514989,104.799522834507,11.3421231681079,104.824819939617,58.8450434207584,58.3379255974495,2015.29764084121,2015.80475866452,8.59239003706351
333,334,0.777519589671401,11.3421231681079,104.824819939617,11.4091489494579,104.810612993448,59.6225630104298,58.8450434207584,2015.80475866452,2016.58227825419,7.62096297474909
334,335,0.0932711598333076,11.4091489494579,104.810612993448,11.3672210875409,104.805912832381,59.7158341702631,59.6225630104298,2016.58227825419,2016.67554941403,4.69567178457406
335,197,0.0402975805064361,11.3672210875409,104.805912832381,11.3383596682206,104.812986105318,59.7561317507695,59.7158341702631,2016.67554941403,2016.71584699453,3.30441434425061
335,40,0.883354695560061,11.3672210875409,104.805912832381,11.3871502070358,104.773110480989,60.5991888658232,59.7158341702631,2016.67554941403,2017.55890410959,4.2116522248656
334,71,0.29750316656936,11.4091489494579,104.810612993448,11.4570768407201,104.81673941867,59.9200661769991,59.6225630104298,2016.58227825419,2016.87978142076,5.37723232618713
333,124,0.51218122618595,11.3421231681079,104.824819939617,11.2036282777718,104.903715489835,59.3572246469443,58.8450434207584,2015.80475866452,2016.31693989071,17.6607107029969
331,170,1.83411217761947,11.4900549422405,104.925047190406,11.4040759123125,104.774487106069,59.5512137179828,57.7171015403633,2014.67681678413,2016.51092896175,19.0125663758179
329,166,2.56934546554813,11.5156000242987,104.906177825974,11.6462772108622,104.883850110727,59.4419241004964,56.8725786349483,2013.83229387871,2016.40163934426,14.7498720669252
304,53,5.32098926884434,11.515584526356,104.771364922147,11.1982921823897,105.079111796828,57.5197368110287,52.1987475421843,2009.15846278595,2014.47945205479,48.742790374712
303,336,0.895479068907397,11.7040667333992,104.723155630066,11.7346658467013,104.663136343895,49.0330585087954,48.137579439888,2005.09729468365,2005.99277375256,7.37599372633991
336,187,7.02640432963037,11.7346658467013,104.663136343895,11.7622738728946,104.582279035475,56.0594628384258,49.0330585087954,2005.99277375256,2013.01917808219,9.33333007036912
336,337,5.2915224197229,11.7346658467013,104.663136343895,11.748753053199,104.742862116089,54.3245809285183,49.0330585087954,2005.99277375256,2011.28429617228,8.83004174335121
337,338,0.154370343112793,11.748753053199,104.742862116089,11.7125216614554,104.758454792204,54.4789512716311,54.3245809285183,2011.28429617228,2011.4386665154,4.3768765996408
338,180,0.684284304274994,11.7125216614554,104.758454792204,11.9968481293686,104.563243547185,55.1632355759061,54.4789512716311,2011.4386665154,2012.12295081967,38.1340227802453
338,339,0.084554854566206,11.7125216614554,104.758454792204,11.7234875567262,104.752573754444,54.5635061261973,54.4789512716311,2011.4386665154,2011.52322136996,1.37884783115584
339,340,0.893439073698116,11.7234875567262,104.752573754444,11.7072934659821,104.735788904468,55.4569451998954,54.5635061261973,2011.52322136996,2012.41666044366,2.56857765835813
340,142,2.78607928236603,11.7072934659821,104.735788904468,11.7732136647824,104.43803239556,58.2430244822615,55.4569451998954,2012.41666044366,2015.20273972603,33.2733106008047
340,341,0.0891285669326658,11.7072934659821,104.735788904468,11.6949507382938,104.745854904611,55.5460737668281,55.4569451998954,2012.41666044366,2012.50578901059,1.75842307791472
341,200,1.7599644140635,11.6949507382938,104.745854904611,11.7125681979846,104.567227717195,57.3060381808916,55.5460737668281,2012.50578901059,2014.26575342466,19.5705608510212
341,115,1.55174523598138,11.6949507382938,104.745854904611,11.7166965156338,104.711621741795,57.0978190028095,55.5460737668281,2012.50578901059,2014.05753424657,4.44814985410037
339,107,1.50691561633813,11.7234875567262,104.752573754444,11.8254736379639,104.768350111532,56.0704217425355,54.5635061261973,2011.52322136996,2013.0301369863,11.4829319382361
337,159,4.52118327977064,11.748753053199,104.742862116089,11.571698818981,105.026640734839,58.845764208289,54.3245809285183,2011.28429617228,2015.80547945205,36.6843786038558
284,342,3.57732687440787,11.8039158007605,105.087077956535,11.7832525374792,104.995085700011,47.3902013106307,43.8128744362228,2000.77258967999,2004.3499165544,10.2852844097665
342,343,7.73582390069252,11.7832525374792,104.995085700011,12.9617108785764,104.967943434127,55.1260252113232,47.3902013106307,2004.3499165544,2012.08574045509,131.223738522288
343,95,5.56905406545883,12.9617108785764,104.967943434127,13.3470360424076,104.938315405497,60.695079276782,55.1260252113232,2012.08574045509,2017.65479452055,43.0159581917477
343,5,0.881472659664892,12.9617108785764,104.967943434127,13.169573427409,104.934824438126,56.0074978709881,55.1260252113232,2012.08574045509,2012.96721311475,23.41711565713
342,344,1.83732629961676,11.7832525374792,104.995085700011,11.7509803274464,104.921519607866,49.2275276102474,47.3902013106307,2004.3499165544,2006.18724285401,8.78569373515551
344,64,6.71439649024894,11.7509803274464,104.921519607866,11.5916956526872,105.018806864277,55.9419241004964,49.2275276102474,2006.18724285401,2012.90163934426,20.6622236830457
344,345,3.57090295268424,11.7509803274464,104.921519607866,11.9389230383782,104.910207389723,52.7984305629317,49.2275276102474,2006.18724285401,2009.7581458067,20.9587809795737
345,346,1.80334402018443,11.9389230383782,104.910207389723,11.8740592643566,104.92244220159,54.6017745831161,52.7984305629317,2009.7581458067,2011.56148982688,7.34284363913293
346,347,0.60926878003666,11.8740592643566,104.92244220159,11.8689860178855,104.869091549433,55.2110433631528,54.6017745831161,2011.56148982688,2012.17075860692,5.839544945679
347,348,0.218953908004732,11.8689860178855,104.869091549433,11.8905893387563,104.86760070222,55.4299972711575,55.2110433631528,2012.17075860692,2012.38971251492,2.41044308728581
348,46,0.46001426103279,11.8905893387563,104.86760070222,11.880090886101,104.875291340592,55.8900115321903,55.4299972711575,2012.38971251492,2012.84972677595,1.43799520812626
348,68,4.65138337548759,11.8905893387563,104.86760070222,11.3247280479884,104.87653859574,60.0813806466451,55.4299972711575,2012.38971251492,2017.04109589041,63.0014091237303
347,349,0.457271743840059,11.8689860178855,104.869091549433,11.9514478868325,104.873846736455,55.6683151069928,55.2110433631528,2012.17075860692,2012.62803035076,9.1945758236413
349,128,1.40758608759732,11.9514478868325,104.873846736455,12.2934825274481,104.800705009354,57.0759011945902,55.6683151069928,2012.62803035076,2014.03561643835,38.899922546822
349,186,0.580188827323338,11.9514478868325,104.873846736455,11.9673056946457,104.927157120867,56.2485039343162,55.6683151069928,2012.62803035076,2013.20821917808,6.06835973215897
346,45,0.624302522844793,11.8740592643566,104.92244220159,11.8465944837926,104.875458159264,55.2260771059609,54.6017745831161,2011.56148982688,2012.18579234973,5.96239571415739
345,167,5.98431994672714,11.9389230383782,104.910207389723,11.9491244126886,104.768954122919,58.7827505096588,52.7984305629317,2009.7581458067,2015.74246575342,15.4262805004904
282,350,2.09266634448292,11.7177872533795,105.040578224876,11.7365022234888,105.202398277956,38.2480847435999,36.155418399117,1993.11513364288,1995.20779998736,17.76103165064
350,351,12.0992624053629,11.7365022234888,105.202398277956,12.7813008523372,105.929347260495,50.3473471489629,38.2480847435999,1995.20779998736,2007.30706239273,140.648271566795
351,154,8.52307459357255,12.7813008523372,105.929347260495,12.6054512199186,105.929701149203,58.8704217425354,50.3473471489629,2007.30706239273,2015.8301369863,19.5762996221276
351,109,5.99978692233979,12.7813008523372,105.929347260495,12.7268958726132,105.919132198253,56.3471340713026,50.3473471489629,2007.30706239273,2013.30684931507,6.15729063143468
350,352,0.00914862552587437,11.7365022234888,105.202398277956,11.7248465396535,105.204276172474,38.2572333691258,38.2480847435999,1995.20779998736,1995.21694861289,1.31360132824735
352,353,12.2942630480634,11.7248465396535,105.204276172474,12.0246793150857,105.466511762759,50.5514964171892,38.2572333691258,1995.21694861289,2007.51121166095,43.9348976103661
353,41,4.83851511500108,12.0246793150857,105.466511762759,12.1172289028587,105.551459407326,55.3900115321903,50.5514964171892,2007.51121166095,2012.34972677595,13.8444783255721
353,354,3.33907252581506,12.0246793150857,105.466511762759,11.8795928117091,105.704492167224,53.8905689430043,50.5514964171892,2007.51121166095,2010.85028418677,30.539239516413
354,69,6.21820896391462,11.8795928117091,105.704492167224,11.6784352435078,105.328523796007,60.1087779069189,53.8905689430043,2010.85028418677,2017.06849315068,46.6931599250856
354,120,4.49766101870916,11.8795928117091,105.704492167224,11.3549797850952,105.514067933918,58.3882299617135,53.8905689430043,2010.85028418677,2015.34794520548,61.9834577981584
352,355,2.46320436396618,11.7248465396535,105.204276172474,11.8766280730141,105.416880491145,40.720437733092,38.2572333691258,1995.21694861289,1997.68015297686,28.6748639809141
355,356,14.2010004991769,11.8766280730141,105.416880491145,11.8028965852348,105.143397034413,54.9214382322689,40.720437733092,1997.68015297686,2011.88115347603,30.9073550548714
356,112,3.46405200341717,11.8028965852348,105.143397034413,11.84696449847,105.101568128602,58.3854902356861,54.9214382322689,2011.88115347603,2015.34520547945,6.69626261605587
356,88,0.148901168773983,11.8028965852348,105.143397034413,11.816084597857,105.132769814435,55.0703394010429,54.9214382322689,2011.88115347603,2012.03005464481,1.86988014741357
355,163,1.3773812697175,11.8766280730141,105.416880491145,12.0419510794413,105.33575787552,42.0978190028095,40.720437733092,1997.68015297686,1999.05753424657,20.4151091847083
281,357,11.3947919149569,12.1029378251821,105.282472594936,12.3262324117254,105.249382945401,40.8054285280959,29.4106366131391,1986.3703518569,1997.76514377186,25.1173850221901
357,77,1.15540417334363,12.3262324117254,105.249382945401,12.2643403765616,105.189144292098,41.9608327014396,40.8054285280959,1997.76514377186,1998.9205479452,9.50810530659758
357,358,3.40258984870083,12.3262324117254,105.249382945401,12.3999030000303,105.168302328736,44.2080183767968,40.8054285280959,1997.76514377186,2001.16773362056,12.0415473688484
358,359,3.02276701653322,12.3999030000303,105.168302328736,12.8226826624603,105.245740426372,47.23078539333,44.2080183767968,2001.16773362056,2004.19050063709,47.8114202170035
359,57,10.6779925135891,12.8226826624603,105.245740426372,12.5896490008977,105.205286539182,57.9087779069191,47.23078539333,2004.19050063709,2014.86849315068,26.311563585066
359,360,0.360680265134022,12.8226826624603,105.245740426372,12.8784958038037,105.176152064836,47.591465658464,47.23078539333,2004.19050063709,2004.55118090223,9.78010815394402
360,361,2.57699110877699,12.8784958038037,105.176152064836,12.8531321350757,105.190239095825,50.168456767241,47.591465658464,2004.55118090223,2007.12817201101,3.21091897719332
361,31,7.7019649752944,12.8531321350757,105.190239095825,13.0327156443337,105.223634312623,57.8704217425354,50.168456767241,2007.12817201101,2014.8301369863,20.3176062641419
361,30,5.10133618571439,12.8531321350757,105.190239095825,12.7987774771065,105.221328899271,55.2697929529554,50.168456767241,2007.12817201101,2012.22950819672,6.9283993523513
360,362,1.38326227717118,12.8784958038037,105.176152064836,12.8090381171456,105.486908602602,48.9747279356352,47.591465658464,2004.55118090223,2005.9344431794,34.6040095729012
362,363,0.635076321871832,12.8090381171456,105.486908602602,12.838889661978,105.452545250409,49.609804257507,48.9747279356352,2005.9344431794,2006.56951950127,4.99567786511228
363,364,4.373588897593,12.838889661978,105.452545250409,12.864903097031,105.513394036303,53.9833931551,49.609804257507,2006.56951950127,2010.94310839886,7.21124853309337
364,111,1.38476045359305,12.864903097031,105.513394036303,13.1547669323155,105.583448262131,55.3681536086931,53.9833931551,2010.94310839886,2012.32786885246,33.151328910261
364,101,2.16922036825729,12.864903097031,105.513394036303,13.0254089984277,105.526242411673,56.1526135233573,53.9833931551,2010.94310839886,2013.11232876712,17.9224313099381
363,365,1.02827806708873,12.838889661978,105.452545250409,12.8898222870724,105.361035701602,50.6380823245958,49.609804257507,2006.56951950127,2007.59779756836,11.4360713044234
365,175,5.16996199447986,12.8898222870724,105.361035701602,12.8910628882563,105.433672698849,55.8080443190756,50.6380823245958,2007.59779756836,2012.76775956284,7.88365572414344
365,110,4.50056308737599,12.8898222870724,105.361035701602,12.9341106754791,105.014006733802,55.1386454119717,50.6380823245958,2007.59779756836,2012.09836065574,37.9771609574155
362,366,0.125137122354467,12.8090381171456,105.486908602602,12.8388198827275,105.480630205194,49.0998650579897,48.9747279356352,2005.9344431794,2006.05958030175,3.38473987680481
366,367,1.03195156773032,12.8388198827275,105.480630205194,12.960072821138,105.484213857779,50.13181662572,49.0998650579897,2006.05958030175,2007.09153186948,13.5039470317547
367,368,3.33771539730801,12.960072821138,105.484213857779,13.0747129328702,105.435604768332,53.469532023028,50.13181662572,2007.09153186948,2010.42924726679,13.8083414360567
368,62,2.56802049276896,13.0747129328702,105.435604768332,13.0956370010945,105.399781476091,56.0375525157969,53.469532023028,2010.42924726679,2012.99726775956,4.5293178639975
368,369,4.59727862864798,13.0747129328702,105.435604768332,13.0198717866609,105.437519662199,58.066810651676,53.469532023028,2010.42924726679,2015.02652589544,6.10865971616484
369,35,1.23030470565092,13.0198717866609,105.437519662199,13.0308746419778,105.60553742302,59.2971153573269,58.066810651676,2015.02652589544,2016.25683060109,18.2642491337857
369,20,0.915939857982688,13.0198717866609,105.437519662199,12.9481027273689,105.372989476044,58.9827505096587,58.066810651676,2015.02652589544,2015.94246575342,10.622382377236
367,370,3.35289963538975,12.960072821138,105.484213857779,13.4972534332328,106.037751862983,53.4847162611097,50.13181662572,2007.09153186948,2010.44443150487,84.7027140321814
370,139,6.16485811261075,13.4972534332328,106.037751862983,13.0805032097263,106.205552907568,59.6495743737205,53.4847162611097,2010.44443150487,2016.60928961749,49.8291030947797
370,371,0.612651575683382,13.4972534332328,106.037751862983,13.2202536682809,105.812768680713,54.0973678367931,53.4847162611097,2010.44443150487,2011.05708308056,39.3028578838001
371,84,1.59865462435897,13.2202536682809,105.812768680713,13.4248960562455,106.283362310601,55.6960224611521,54.0973678367931,2011.05708308056,2012.65573770492,55.8372434335609
371,151,6.23332787834516,13.2202536682809,105.812768680713,13.2538818562307,105.749408446438,60.3306957151383,54.0973678367931,2011.05708308056,2017.2904109589,7.82036076012018
366,372,0.75035560539243,12.8388198827275,105.480630205194,12.8596090040201,105.420314586366,49.8502206633821,49.0998650579897,2006.05958030175,2006.80993590715,6.94347200910883
372,48,10.2722558736738,12.8596090040201,105.420314586366,12.9487119641323,105.468801005724,60.1224765370559,49.8502206633821,2006.80993590715,2017.08219178082,11.2282824101727
372,373,2.20505982273945,12.8596090040201,105.420314586366,12.6478700241155,105.373831510948,52.0552804861215,49.8502206633821,2006.80993590715,2009.01499572989,24.1058644932988
373,85,4.30007276326318,12.6478700241155,105.373831510948,12.62121202588,105.90756571948,56.3553532493847,52.0552804861215,2009.01499572989,2013.31506849315,58.0544624770216
373,374,3.5550541425821,12.6478700241155,105.373831510948,12.4883486552375,105.449645300487,55.6103346287036,52.0552804861215,2009.01499572989,2012.57004987247,19.5761184369612
374,152,5.19159396314693,12.4883486552375,105.449645300487,12.3267398159747,105.616418718286,60.8019285918506,55.6103346287036,2012.57004987247,2017.76164383562,25.5431216411592
374,114,2.65186793574956,12.4883486552375,105.449645300487,12.5465448773765,105.472045492408,58.2622025644532,55.6103346287036,2012.57004987247,2015.22191780822,6.92090607499658
358,375,8.83087580041675,12.3999030000303,105.168302328736,12.3417175754367,104.524501630016,53.0388941772135,44.2080183767968,2001.16773362056,2009.99860942098,70.3053183631047
375,376,3.15523353957612,12.3417175754367,104.524501630016,12.3285635758771,104.490781181264,56.1941277167896,53.0388941772135,2009.99860942098,2013.15384296055,3.94878699465483
376,377,2.99042447524802,12.3285635758771,104.490781181264,12.4092720551732,104.64236483892,59.1845521920377,56.1941277167896,2013.15384296055,2016.1442674358,18.772900376023
377,179,0.885869550497796,12.4092720551732,104.64236483892,13.0452061217938,104.543862712903,60.0704217425355,59.1845521920377,2016.1442674358,2017.0301369863,71.598107300806
377,196,0.571579558731879,12.4092720551732,104.64236483892,12.1914590793518,104.640041538245,59.7561317507695,59.1845521920377,2016.1442674358,2016.71584699453,24.2491004910308
376,378,0.07546504301878,12.3285635758771,104.490781181264,12.3271965829984,104.525466701333,56.2695927598084,56.1941277167896,2013.15384296055,2013.22930800357,3.77535943271109
378,379,3.6402747448266,12.3271965829984,104.525466701333,12.3383348252535,104.519552176029,59.909867504635,56.2695927598084,2013.22930800357,2016.8695827484,1.39686476716643
379,132,0.774252868037356,12.3383348252535,104.519552176029,12.52859251495,104.662388398658,60.6841203726724,59.909867504635,2016.8695827484,2017.64383561644,26.2626153110159
379,131,0.823567936530472,12.3383348252535,104.519552176029,12.1560582623872,104.747499264569,60.7334354411655,59.909867504635,2016.8695827484,2017.69315068493,32.0424107851848
378,24,2.6501440512201,12.3271965829984,104.525466701333,12.3697111071018,104.520345057224,58.9197368110285,56.2695927598084,2013.22930800357,2015.87945205479,4.76554118551101
375,172,5.34933578449994,12.3417175754367,104.524501630016,12.563872466367,104.613958325944,58.3882299617135,53.0388941772135,2009.99860942098,2015.34794520548,26.5742884168476
279,162,16.522845266353,12.062005777694,105.519060881735,12.346274160031,105.640187218285,42.1115176329465,25.5886723665935,1982.54838761036,1999.07123287671,34.2805997258311
278,380,20.2064991751,12.0820448783246,105.53336383147,11.8917434240522,105.3309208343,44.3705262343435,24.1640270592435,1981.12374230301,2001.33024147811,30.5745674880504
380,381,0.607705910505565,11.8917434240522,105.3309208343,11.9463311643149,105.398392657865,44.9782321448491,44.3705262343435,2001.33024147811,2001.93794738861,9.53629569849053
381,382,10.109794209189,11.9463311643149,105.398392657865,12.0086010739949,105.627744962552,55.0880263540381,44.9782321448491,2001.93794738861,2012.0477415978,25.9206724165521
382,383,0.648069054243114,12.0086010739949,105.627744962552,11.8492686255608,105.570352892579,55.7360954082812,55.0880263540381,2012.0477415978,2012.69581065205,18.8067997907405
383,92,0.627477019185828,11.8492686255608,105.570352892579,11.865983287599,105.538549494685,56.363572427467,55.7360954082812,2012.69581065205,2013.32328767123,3.93294825560421
383,384,0.109754831894465,11.8492686255608,105.570352892579,11.862884158788,105.58579620203,55.8458502401757,55.7360954082812,2012.69581065205,2012.80556548394,2.26458948241902
384,385,0.829256430090575,11.862884158788,105.58579620203,11.9228828138317,105.538881900081,56.6751066702662,55.8458502401757,2012.80556548394,2013.63482191403,8.41015973723825
385,386,0.31595598415664,11.9228828138317,105.538881900081,11.8308647249021,105.530099660927,56.9910626544229,56.6751066702662,2013.63482191403,2013.95077789819,10.2883914415848
386,387,0.181036552111518,11.8308647249021,105.530099660927,11.7849839215098,105.514864428768,57.1720992065344,56.9910626544229,2013.95077789819,2014.1318144503,5.37065970159307
387,388,0.0132970299797268,11.7849839215098,105.514864428768,11.7945698594499,105.513402879579,57.1853962365141,57.1720992065344,2014.1318144503,2014.14511148028,1.07896411785177
388,389,0.25272501858277,11.7945698594499,105.513402879579,11.7818450077141,105.511773295717,57.4381212550969,57.1853962365141,2014.14511148028,2014.39783649886,1.42766761953734
389,10,2.32620721698426,11.7818450077141,105.511773295717,11.7533057995391,105.494841489227,59.7643284720811,57.4381212550969,2014.39783649886,2016.72404371585,3.67410691645187
389,141,0.689834734013988,11.7818450077141,105.511773295717,11.8367750595336,105.545850378007,58.1279559891109,57.4381212550969,2014.39783649886,2015.08767123288,7.15416836686915
388,143,1.1781761909529,11.7945698594499,105.513402879579,11.7475297499443,105.466651514078,58.363572427467,57.1853962365141,2014.14511148028,2015.32328767123,7.30635877812097
387,33,2.24796697046477,11.7849839215098,105.514864428768,11.871127660667,105.425725469757,59.4200661769991,57.1720992065344,2014.1318144503,2016.37978142076,13.6491674914455
386,146,0.991687855235787,11.8308647249021,105.530099660927,11.8068575200138,105.626720277594,57.9827505096587,56.9910626544229,2013.95077789819,2014.94246575342,10.8620717342587
385,194,1.5706575380226,11.9228828138317,105.538881900081,11.9870601363734,105.606646910452,58.2457642082888,56.6751066702662,2013.63482191403,2015.20547945205,10.2718737748968
384,70,3.85290446141355,11.862884158788,105.58579620203,11.7728910704681,105.519589395789,59.6987547015892,55.8458502401757,2012.80556548394,2016.65846994535,12.3455325386206
382,148,3.61527210082603,12.0086010739949,105.627744962552,12.1922590657395,105.733446199211,58.7032984548641,55.0880263540381,2012.0477415978,2015.66301369863,23.4605740945685
381,390,1.07694508251631,11.9463311643149,105.398392657865,11.9810282793767,105.493143703761,46.0551772273654,44.9782321448491,2001.93794738861,2003.01489247113,11.0181828178009
390,391,0.977431838941754,11.9810282793767,105.493143703761,11.9785259488177,105.459730190443,47.0326090663071,46.0551772273654,2003.01489247113,2003.99232431007,3.64935720654427
391,392,6.6293521675243,11.9785259488177,105.459730190443,11.6411557017309,105.168450540548,53.6619612338314,47.0326090663071,2003.99232431007,2010.6216764776,49.172946861468
392,188,1.40564592677412,11.6411557017309,105.168450540548,11.4611003451801,105.105817025372,55.0676071606056,53.6619612338314,2010.6216764776,2012.02732240437,21.1765939443427
392,173,5.34818653610124,11.6411557017309,105.168450540548,11.6771328808424,105.157950891332,59.0101477699327,53.6619612338314,2010.6216764776,2015.9698630137,4.16550326493489
391,393,4.8926804484491,11.9785259488177,105.459730190443,11.9572670025777,105.302459644842,51.9252895147562,47.0326090663071,2003.99232431007,2008.88500475852,17.2901461694654
393,394,3.85299640813806,11.9572670025777,105.302459644842,12.0478277669682,105.259240628053,55.7782859228943,51.9252895147562,2008.88500475852,2012.73800116666,11.1259049678105
394,83,0.883916641558993,12.0478277669682,105.259240628053,12.0565528579088,105.296537096725,56.6622025644533,55.7782859228943,2012.73800116666,2013.62191780822,4.17502675350038
394,164,1.25103992923011,12.0478277669682,105.259240628053,12.0645382407834,105.237771133359,57.0293258521244,55.7782859228943,2012.73800116666,2013.98904109589,2.98727760741581
393,90,6.72595414558739,11.9572670025777,105.302459644842,11.9944820698634,105.180247195341,58.6512436603436,51.9252895147562,2008.88500475852,2015.61095890411,13.9389585361141
390,395,4.93567334092211,11.9810282793767,105.493143703761,11.8198485007227,105.593454477138,50.9908505682875,46.0551772273654,2003.01489247113,2007.95056581205,21.0084649882979
395,396,4.30611242713062,11.8198485007227,105.593454477138,11.6372798293365,105.633315442995,55.2969629954181,50.9908505682875,2007.95056581205,2012.25667823918,20.7834722321174
396,108,1.89126696629531,11.6372798293365,105.633315442995,11.6036822006448,105.625389720749,57.1882299617134,55.2969629954181,2012.25667823918,2014.14794520548,3.83876773259074
396,397,4.04125681572331,11.6372798293365,105.633315442995,12.0238406773817,105.266023140038,59.3382198111414,55.2969629954181,2012.25667823918,2016.29793505491,58.7661439994019
397,398,0.90557483121931,12.0238406773817,105.266023140038,12.0225734009895,105.251196594831,60.2437946423607,59.3382198111414,2016.29793505491,2017.20350988613,1.62049356487891
398,399,0.553954732502682,12.0225734009895,105.251196594831,11.9486498023152,105.285462813299,60.7977493748634,60.2437946423607,2017.20350988613,2017.75746461863,9.03593004467683
399,34,0.209658669041918,11.9486498023152,105.285462813299,11.9438640022634,105.33114129021,61.0074080439053,60.7977493748634,2017.75746461863,2017.96712328767,5.00341891528284
399,160,0.130206614247416,11.9486498023152,105.285462813299,11.9857597084652,105.248183319004,60.9279559891108,60.7977493748634,2017.75746461863,2017.88767123288,5.792215748666
398,113,0.0923805248322619,12.0225734009895,105.251196594831,12.0126037368837,105.258940502778,60.336175167193,60.2437946423607,2017.20350988613,2017.29589041096,1.39382894153542
397,58,0.743160835503696,12.0238406773817,105.266023140038,12.2876329251037,105.122639243409,60.0813806466451,59.3382198111414,2016.29793505491,2017.04109589041,33.2546741181284
395,400,4.54980906155975,11.8198485007227,105.593454477138,11.7875954580322,105.331170729997,55.5406596298472,50.9908505682875,2007.95056581205,2012.50037487361,28.8056636949896
400,171,4.45044479851787,11.7875954580322,105.331170729997,12.0482234807609,105.212863135163,59.9911044283651,55.5406596298472,2012.50037487361,2016.95081967213,31.7471633334036
400,38,0.234597803982405,11.7875954580322,105.331170729997,10.6592659726535,105.206343783422,55.7752574338296,55.5406596298472,2012.50037487361,2012.73497267759,126.347364772943
380,401,2.34111377164612,11.8917434240522,105.3309208343,12.0441522427599,105.24884515479,46.7116400059896,44.3705262343435,2001.33024147811,2003.67135524975,19.1771952694022
401,22,8.83410923111869,12.0441522427599,105.24884515479,11.704611599775,105.154341386031,55.5457492371083,46.7116400059896,2003.67135524975,2012.50546448087,39.1759832998059
401,402,2.56246880327036,12.0441522427599,105.24884515479,11.9814755125425,105.220751090465,49.27410880926,46.7116400059896,2003.67135524975,2006.23382405302,7.6185382536658
402,403,4.2918694142082,11.9814755125425,105.220751090465,12.1352914638733,105.188403998782,53.5659782234682,49.27410880926,2006.23382405302,2010.52569346723,17.4817528494194
403,118,1.61091855462378,12.1352914638733,105.188403998782,12.1324406492434,105.118613872763,55.176896778092,53.5659782234682,2010.52569346723,2012.13661202186,7.60236133317725
403,404,0.371311306213963,12.1352914638733,105.188403998782,12.1699846148784,105.239566116293,53.9372895296822,53.5659782234682,2010.52569346723,2010.89700477345,6.7762993146512
404,37,2.94683084299027,12.1699846148784,105.239566116293,12.1979997466749,105.33400467122,56.8841203726724,53.9372895296822,2010.89700477345,2013.84383561644,10.7392786707777
404,91,1.18223019922948,12.1699846148784,105.239566116293,12.1858109936391,105.16731052271,55.1195197289116,53.9372895296822,2010.89700477345,2012.07923497268,8.05774282676342
402,405,3.52475419488775,11.9814755125425,105.220751090465,12.005443196979,105.140137378043,52.7988630041477,49.27410880926,2006.23382405302,2009.75857824791,9.17487462121906
405,106,4.15101079318216,12.005443196979,105.140137378043,11.934281124777,105.193155677736,56.9498737973299,52.7988630041477,2009.75857824791,2013.90958904109,9.80286915497819
405,153,3.60306558770272,12.005443196979,105.140137378043,12.0103836860317,105.425297565661,56.4019285918505,52.7988630041477,2009.75857824791,2013.36164383562,31.0553860443849
204,178,57.5772710576038,12.2724578618881,105.46421917499,11.9480853149221,103.405919067356,57.5772710576038,0,1956.95971524376,2014.53698630137,226.929227364903
