node1,node2,length,startLat,startLon,endLat,endLon,endNodeL,startNodeL,startYear,endYear,treeID
153,206,2.90700543814784,-1.88595085565013,34.6424642588684,-1.89696111441265,34.4500526025281,2.90700543814784,0,1968.04601390072,1970.95301933887,87200000
153,154,20.2499681070765,-1.88595085565013,34.6424642588684,-1.84918131385343,34.5613861401816,20.2499681070765,0,1968.04601390072,1988.2959820078,87200000
154,1,23.1615522387841,-1.84918131385343,34.5613861401816,-1.85700836776258,34.8098089469313,43.4115203458606,20.2499681070765,1988.2959820078,2011.45753424658,87200000
154,155,10.420191960506,-1.84918131385343,34.5613861401816,-1.87885891231616,34.5203679206428,30.6701600675825,20.2499681070765,1988.2959820078,1998.7161739683,87200000
155,199,11.211150219377,-1.87885891231616,34.5203679206428,-1.82433744638375,34.5338277856042,41.8813102869594,30.6701600675825,1998.7161739683,2009.92732418768,87200000
155,156,2.83725174825448,-1.87885891231616,34.5203679206428,-1.80228928123637,34.6177394529745,33.507411815837,30.6701600675825,1998.7161739683,2001.55342571656,87200000
156,171,0.723450840405253,-1.80228928123637,34.6177394529745,-1.80644439943493,34.6055364639708,34.2308626562422,33.507411815837,2001.55342571656,2002.27687655696,87200000
156,157,4.72308805222564,-1.80228928123637,34.6177394529745,-1.76375449772356,34.6072275603756,38.2304998680626,33.507411815837,2001.55342571656,2006.27651376878,87200000
157,16,1.19471910792799,-1.76375449772356,34.6072275603756,-1.73897036125976,34.60534979511,39.4252189759906,38.2304998680626,2006.27651376878,2007.47123287671,87200000
157,158,0.384057117535233,-1.76375449772356,34.6072275603756,-1.79324226617832,34.6452578934581,38.6145569855978,38.2304998680626,2006.27651376878,2006.66057088632,87200000
158,159,0.55532765469014,-1.79324226617832,34.6452578934581,-1.79649788281914,34.6483808598529,39.169884640288,38.6145569855978,2006.66057088632,2007.21589854101,87200000
158,160,1.40087540059656,-1.79324226617832,34.6452578934581,-1.82564249009557,34.6661310434608,40.0154323861944,38.6145569855978,2006.66057088632,2008.06144628691,87200000
159,2,1.3114238633625,-1.79649788281914,34.6483808598529,-1.78330861979174,34.7654311248909,40.4813085036505,39.169884640288,2007.21589854101,2008.52732240437,87200000
159,3,0.622457623372602,-1.79649788281914,34.6483808598529,-1.81394610280464,34.6706640067316,39.7923422636606,39.169884640288,2007.21589854101,2007.83835616438,87200000
160,166,0.422504187593821,-1.82564249009557,34.6661310434608,-1.82427332375016,34.6626872773826,40.4379365737882,40.0154323861944,2008.06144628691,2008.48395047451,87200000
160,161,2.64883634165711,-1.82564249009557,34.6661310434608,-1.77460084090725,34.4138162214208,42.6642687278515,40.0154323861944,2008.06144628691,2010.71028262857,87200000
161,162,0.725421599976259,-1.77460084090725,34.4138162214208,-1.77455016027111,34.4089886002295,43.3896903278278,42.6642687278515,2010.71028262857,2011.43570422855,87200000
161,9,1.01300504265915,-1.77460084090725,34.4138162214208,-1.78261112347897,34.3771098190728,43.6772737705107,42.6642687278515,2010.71028262857,2011.72328767123,87200000
162,8,0.276624538572779,-1.77455016027111,34.4089886002295,-1.77142435745296,34.4228520731452,43.6663148664005,43.3896903278278,2011.43570422855,2011.71232876712,87200000
162,163,0.0826642519175347,-1.77455016027111,34.4089886002295,-1.7742487548989,34.4119928826754,43.4723545797453,43.3896903278278,2011.43570422855,2011.51836848046,87200000
163,165,0.525198699447865,-1.7742487548989,34.4119928826754,-1.76845822622765,34.4226324551535,43.9975532791932,43.4723545797453,2011.51836848046,2012.04356717991,87200000
163,164,0.292397034940006,-1.7742487548989,34.4119928826754,-1.77202131005084,34.4288268889247,43.7647516146853,43.4723545797453,2011.51836848046,2011.8107655154,87200000
164,5,0.268469457275337,-1.77202131005084,34.4288268889247,-1.77044803904511,34.4222311407436,44.0332210719606,43.7647516146853,2011.8107655154,2012.07923497268,87200000
164,4,0.257540495525241,-1.77202131005084,34.4288268889247,-1.77156564588113,34.4272743861887,44.0222921102106,43.7647516146853,2011.8107655154,2012.06830601093,87200000
165,6,0.355339923917378,-1.76845822622765,34.4226324551535,-1.77569070801468,34.7787242177852,44.3528932031105,43.9975532791932,2012.04356717991,2012.39890710383,87200000
165,7,0.00561314795749834,-1.76845822622765,34.4226324551535,-1.76789665983246,34.4233347474753,44.0031664271507,43.9975532791932,2012.04356717991,2012.04918032787,87200000
166,168,0.27341548435085,-1.82427332375016,34.6626872773826,-1.81635684734612,34.6493688184864,40.7113520581391,40.4379365737882,2008.48395047451,2008.75736595886,87200000
166,167,3.22109562954035,-1.82427332375016,34.6626872773826,-1.82210901026978,34.6453344915579,43.6590322033286,40.4379365737882,2008.48395047451,2011.70504610405,87200000
167,10,0.737576846771899,-1.82210901026978,34.6453344915579,-1.82845995653555,34.6323814594224,44.3966090501005,43.6590322033286,2011.70504610405,2012.44262295082,87200000
167,11,0.478014005241957,-1.82210901026978,34.6453344915579,-1.77839767101529,34.8032782974804,44.1370462085705,43.6590322033286,2011.70504610405,2012.18306010929,87200000
168,169,0.8642547282068,-1.81635684734612,34.6493688184864,-1.80466858915852,34.6432209020696,41.5756067863459,40.7113520581391,2008.75736595886,2009.62162068707,87200000
168,15,2.3714011644314,-1.81635684734612,34.6493688184864,-2.00709347936333,34.4946706235891,43.0827532225705,40.7113520581391,2008.75736595886,2011.12876712329,87200000
169,12,1.41947520334461,-1.80466858915852,34.6432209020696,-1.79894035000457,34.6440656550748,42.9950819896905,41.5756067863459,2009.62162068707,2011.04109589041,87200000
169,170,0.529641385834989,-1.80466858915852,34.6432209020696,-1.80609396599989,34.6388700860316,42.1052481721809,41.5756067863459,2009.62162068707,2010.1512620729,87200000
170,14,0.440518749019828,-1.80609396599989,34.6388700860316,-1.86297698338545,34.5139502895088,42.5457669212007,42.1052481721809,2010.1512620729,2010.59178082192,87200000
170,13,0.70079272161969,-1.80609396599989,34.6388700860316,-1.7850620511564,34.6301228148976,42.8060408938005,42.1052481721809,2010.1512620729,2010.85205479452,87200000
171,172,6.41007538403901,-1.80644439943493,34.6055364639708,-1.74000142020172,34.6150702172596,40.6409380402812,34.2308626562422,2002.27687655696,2008.686951941,87200000
171,194,4.37296792855949,-1.80644439943493,34.6055364639708,-1.6761702637294,34.3894964682284,38.6038305848017,34.2308626562422,2002.27687655696,2006.64984448552,87200000
172,173,0.473844549649934,-1.74000142020172,34.6150702172596,-1.74329974841241,34.5956720257922,41.1147825899312,40.6409380402812,2008.686951941,2009.16079649065,87200000
172,191,1.3785839405926,-1.74000142020172,34.6150702172596,-1.73652675494271,34.591154525672,42.0195219808738,40.6409380402812,2008.686951941,2010.06553588159,87200000
173,181,0.995715143038314,-1.74329974841241,34.5956720257922,-1.75630628113246,34.5979359908547,42.1104977329695,41.1147825899312,2009.16079649065,2010.15651163369,87200000
173,174,1.50109799205462,-1.74329974841241,34.5956720257922,-1.72377349328098,34.8123500589302,42.6158805819858,41.1147825899312,2009.16079649065,2010.66189448271,87200000
174,17,1.85176671948475,-1.72377349328098,34.8123500589302,-1.82734215331018,34.6676295958859,44.4676473014705,42.6158805819858,2010.66189448271,2012.51366120219,87200000
174,175,0.633312400913468,-1.72377349328098,34.8123500589302,-1.76436672438474,34.7852666076209,43.2491929828992,42.6158805819858,2010.66189448271,2011.29520688362,87200000
175,176,0.178464792445612,-1.76436672438474,34.7852666076209,-1.78872814477612,34.8027246937326,43.4276577753449,43.2491929828992,2011.29520688362,2011.47367167606,87200000
175,24,0.217121883501258,-1.76436672438474,34.7852666076209,-1.74561001051497,34.7831170672084,43.4663148664005,43.2491929828992,2011.29520688362,2011.51232876712,87200000
176,177,0.139904867608419,-1.78872814477612,34.8027246937326,-1.79565820058103,34.8095668418011,43.5675626429533,43.4276577753449,2011.47367167606,2011.61357654367,87200000
176,23,0.315369419825791,-1.78872814477612,34.8027246937326,-1.7748442099675,34.8029423478569,43.7430271951706,43.4276577753449,2011.47367167606,2011.78904109589,87200000
177,18,0.891887937197234,-1.79565820058103,34.8095668418011,-1.80655435649414,34.8056334113919,44.4594505801505,43.5675626429533,2011.61357654367,2012.50546448087,87200000
177,178,0.792843213254667,-1.79565820058103,34.8095668418011,-1.79095150099349,34.7987018912057,44.3604058562079,43.5675626429533,2011.61357654367,2012.40641975693,87200000
178,19,0.612758325262545,-1.79095150099349,34.7987018912057,-1.71485675715994,34.7227169072833,44.9731641814705,44.3604058562079,2012.40641975693,2013.01917808219,87200000
178,179,0.819565848558829,-1.79095150099349,34.7987018912057,-1.87017602378729,34.7997012176843,45.1799717047668,44.3604058562079,2012.40641975693,2013.22598560549,87200000
179,22,0.453466449303896,-1.87017602378729,34.7997012176843,-1.87276517737773,34.7791521178016,45.6334381540707,45.1799717047668,2013.22598560549,2013.67945205479,87200000
179,180,0.218832349916435,-1.87017602378729,34.7997012176843,-1.87113595510359,34.8018300513936,45.3988040546832,45.1799717047668,2013.22598560549,2013.4448179554,87200000
180,21,0.0949080719974634,-1.87113595510359,34.8018300513936,-1.86869189356434,34.8006990544929,45.4937121266807,45.3988040546832,2013.4448179554,2013.5397260274,87200000
180,20,0.0976477980173174,-1.87113595510359,34.8018300513936,-1.86480431959806,34.7999222140556,45.4964518527005,45.3988040546832,2013.4448179554,2013.54246575342,87200000
181,190,1.61184681631976,-1.75630628113246,34.5979359908547,-1.70174780798962,34.4003131713465,43.7223445492892,42.1104977329695,2010.15651163369,2011.76835845001,87200000
181,182,0.300331175362474,-1.75630628113246,34.5979359908547,-1.7663593322489,34.5857028847668,42.410828908332,42.1104977329695,2010.15651163369,2010.45684280905,87200000
182,25,0.839047601908684,-1.7663593322489,34.5857028847668,-1.75894326238715,34.5468489181058,43.2498765102406,42.410828908332,2010.45684280905,2011.29589041096,87200000
182,183,0.307410147918044,-1.7663593322489,34.5857028847668,-1.75309575668795,34.5903242477732,42.71823905625,42.410828908332,2010.45684280905,2010.76425295697,87200000
183,184,0.688097967736455,-1.75309575668795,34.5903242477732,-1.69476783123147,34.6157836994029,43.4063370239864,42.71823905625,2010.76425295697,2011.45235092471,87200000
183,185,0.639025941130257,-1.75309575668795,34.5903242477732,-1.7699375789618,34.761382055345,43.3572649973802,42.71823905625,2010.76425295697,2011.4032788981,87200000
184,27,0.0407997602241439,-1.69476783123147,34.6157836994029,-1.73045964719547,34.6166665535866,43.4471367842106,43.4063370239864,2011.45235092471,2011.49315068493,87200000
184,26,0.038060034194058,-1.69476783123147,34.6157836994029,-1.70169825378194,34.6198687586971,43.4443970581805,43.4063370239864,2011.45235092471,2011.4904109589,87200000
185,186,0.136833468027628,-1.7699375789618,34.761382055345,-1.88862455236328,34.7754661964543,43.4940984654079,43.3572649973802,2011.4032788981,2011.54011236613,87200000
185,189,0.535442666861336,-1.7699375789618,34.761382055345,-1.77938673525614,34.7609380860581,43.8927076642416,43.3572649973802,2011.4032788981,2011.93872156496,87200000
186,187,0.0605877857605659,-1.88862455236328,34.7754661964543,-1.89033172460268,34.7713931832262,43.5546862511684,43.4940984654079,2011.54011236613,2011.60070015189,87200000
186,188,0.0435586763200777,-1.88862455236328,34.7754661964543,-1.88507392925418,34.7532769578694,43.537657141728,43.4940984654079,2011.54011236613,2011.58367104245,87200000
187,29,0.448480175982223,-1.89033172460268,34.7713931832262,-1.89737237053756,34.7687967574457,44.0031664271507,43.5546862511684,2011.60070015189,2012.04918032787,87200000
187,28,0.297929985102184,-1.89033172460268,34.7713931832262,-1.89789613571496,34.7694983024034,43.8526162362706,43.5546862511684,2011.60070015189,2011.89863013699,87200000
188,31,0.342356354812608,-1.88507392925418,34.7532769578694,-1.88072488633407,34.7683395393986,43.8800134965406,43.537657141728,2011.58367104245,2011.92602739726,87200000
188,30,1.69030156029268,-1.88507392925418,34.7532769578694,-1.88193029178272,34.7656895090611,45.2279587020206,43.537657141728,2011.58367104245,2013.27397260274,87200000
189,33,0.238874063459013,-1.77938673525614,34.7609380860581,-1.7774133452144,34.7552704522517,44.1315817277006,43.8927076642416,2011.93872156496,2012.17759562842,87200000
189,32,0.12138772465895,-1.77938673525614,34.7609380860581,-1.75094090191824,34.7495840168004,44.0140953889005,43.8927076642416,2011.93872156496,2012.06010928962,87200000
190,35,0.660603298621292,-1.70174780798962,34.4003131713465,-1.72358116649211,34.4204252503349,44.3829478479105,43.7223445492892,2011.76835845001,2012.42896174863,87200000
190,34,0.636013134691249,-1.70174780798962,34.4003131713465,-1.71962461973328,34.4016553151855,44.3583576839805,43.7223445492892,2011.76835845001,2012.4043715847,87200000
191,193,0.836437431173508,-1.73652675494271,34.591154525672,-1.86703211742908,34.8058715873199,42.8559594120473,42.0195219808738,2010.06553588159,2010.90197331277,87200000
191,192,0.25704631376211,-1.73652675494271,34.591154525672,-1.73370259239672,34.574957600149,42.2765682946359,42.0195219808738,2010.06553588159,2010.32258219536,87200000
192,37,1.22810273615462,-1.73370259239672,34.574957600149,-1.74782156813209,34.5764986900475,43.5046710307906,42.2765682946359,2010.32258219536,2011.55068493151,87200000
192,36,0.510294516974701,-1.73370259239672,34.574957600149,-1.73785964328725,34.6034165842555,42.7868628116106,42.2765682946359,2010.32258219536,2010.83287671233,87200000
193,39,0.648711618743218,-1.86703211742908,34.8058715873199,-1.85428727131284,34.8090782393746,43.5046710307906,42.8559594120473,2010.90197331277,2011.55068493151,87200000
193,38,1.06788970093322,-1.86703211742908,34.8058715873199,-1.88161581318676,34.7901703658434,43.9238491129806,42.8559594120473,2010.90197331277,2011.9698630137,87200000
194,45,6.62138839118884,-1.6761702637294,34.3894964682284,-1.64659771937598,34.5493656053449,45.2252189759906,38.6038305848017,2006.64984448552,2013.27123287671,87200000
194,195,6.11086267613991,-1.6761702637294,34.3894964682284,-1.619573612768,34.4101093247751,44.7146932609416,38.6038305848017,2006.64984448552,2012.76070716166,87200000
195,196,0.216693153584032,-1.619573612768,34.4101093247751,-1.60589215460498,34.3995301499896,44.9313864145257,44.7146932609416,2012.76070716166,2012.97740031525,87200000
195,44,0.32422434518885,-1.619573612768,34.4101093247751,-1.58021084700392,34.4250638286915,45.0389176061305,44.7146932609416,2012.76070716166,2013.08493150685,87200000
196,40,0.0417777669448304,-1.60589215460498,34.3995301499896,-1.61675175594299,34.3628366407518,44.9731641814705,44.9313864145257,2012.97740031525,2013.01917808219,87200000
196,197,0.0225214557688467,-1.60589215460498,34.3995301499896,-1.60234487323792,34.3932121557231,44.9539078702945,44.9313864145257,2012.97740031525,2012.99992177101,87200000
197,43,0.0466535714561515,-1.60234487323792,34.3932121557231,-1.63417126101242,34.3368643846771,45.0005614417507,44.9539078702945,2012.99992177101,2013.04657534247,87200000
197,198,0.00455295738790695,-1.60234487323792,34.3932121557231,-1.59830672041805,34.3899182749888,44.9584608276824,44.9539078702945,2012.99992177101,2013.0044747284,87200000
198,42,0.00374444967819243,-1.59830672041805,34.3899182749888,-1.59885284370989,34.3889338008601,44.9622052773606,44.9584608276824,2013.0044747284,2013.00821917808,87200000
198,41,0.0229225318681026,-1.59830672041805,34.3899182749888,-1.57617133857937,34.3855303824859,44.9813833595505,44.9584608276824,2013.0044747284,2013.02739726027,87200000
199,202,0.784791547481375,-1.82433744638375,34.5338277856042,-1.7650131256785,34.4725706359723,42.6661018344408,41.8813102869594,2009.92732418768,2010.71211573516,87200000
199,200,1.31176860244742,-1.82433744638375,34.5338277856042,-1.77909717403826,34.4271750930155,43.1930788894069,41.8813102869594,2009.92732418768,2011.23909279013,87200000
200,48,0.486934607133664,-1.77909717403826,34.4271750930155,-1.76853935427386,34.4226341563462,43.6800134965405,43.1930788894069,2011.23909279013,2011.72602739726,87200000
200,201,0.854668955061781,-1.77909717403826,34.4271750930155,-1.77149311647125,34.7702503082032,44.0477478444686,43.1930788894069,2011.23909279013,2012.09376174519,87200000
201,47,0.0401180362320337,-1.77149311647125,34.7702503082032,-1.77009080415589,34.781190199756,44.0878658807007,44.0477478444686,2012.09376174519,2012.13387978142,87200000
201,46,0.318806560821858,-1.77149311647125,34.7702503082032,-1.77960391561814,34.7529988569072,44.3665544052905,44.0477478444686,2012.09376174519,2012.41256830601,87200000
202,53,2.56733631962977,-1.7650131256785,34.4725706359723,-1.67426936616748,34.6194416401202,45.2334381540706,42.6661018344408,2010.71211573516,2013.27945205479,87200000
202,203,1.13916579371019,-1.7650131256785,34.4725706359723,-1.76584231716178,34.4222873760587,43.805267628151,42.6661018344408,2010.71211573516,2011.85128152887,87200000
203,204,0.469361782224633,-1.76584231716178,34.4222873760587,-1.7709270476057,34.417923034583,44.2746294103756,43.805267628151,2011.85128152887,2012.32064331109,87200000
203,49,0.473855083149635,-1.76584231716178,34.4222873760587,-1.78522332908958,34.4264669476933,44.2791227113006,43.805267628151,2011.85128152887,2012.32513661202,87200000
204,50,0.247662699834915,-1.7709270476057,34.417923034583,-1.76934424201012,34.4109500528489,44.5222921102106,44.2746294103756,2012.32064331109,2012.56830601093,87200000
204,205,0.0944564126652161,-1.7709270476057,34.417923034583,-1.7241292244024,34.3643358609711,44.3690858230409,44.2746294103756,2012.32064331109,2012.41509972376,87200000
205,52,0.191457653289692,-1.7241292244024,34.3643358609711,-1.72715201411646,34.3984700416525,44.5605434763305,44.3690858230409,2012.41509972376,2012.60655737705,87200000
205,51,0.519326505749834,-1.7241292244024,34.3643358609711,-1.71423353739945,34.4024063828952,44.8884123287907,44.3690858230409,2012.41509972376,2012.93442622951,87200000
206,207,17.1575954070798,-1.89696111441265,34.4500526025281,-1.91682769339118,34.6581991996946,20.0646008452276,2.90700543814784,1970.95301933887,1988.11061474595,87200000
206,54,41.1070899507527,-1.89696111441265,34.4500526025281,-1.72228957039282,34.4180784227305,44.0140953889005,2.90700543814784,1970.95301933887,2012.06010928962,87200000
207,208,3.59400046533822,-1.91682769339118,34.6581991996946,-1.89663886189965,34.6256487263548,23.6586013105659,20.0646008452276,1988.11061474595,1991.70461521129,87200000
207,152,25.568837308843,-1.91682769339118,34.6581991996946,-1.85288059201818,34.7963602817916,45.6334381540707,20.0646008452276,1988.11061474595,2013.67945205479,87200000
208,55,20.0241519120048,-1.89663886189965,34.6256487263548,-1.89904631708116,34.6590147931119,43.6827532225706,23.6586013105659,1991.70461521129,2011.72876712329,87200000
208,209,2.52939511063926,-1.89663886189965,34.6256487263548,-1.88841769737797,34.6408446572071,26.1879964212051,23.6586013105659,1991.70461521129,1994.23401032192,87200000
209,210,2.47097798954068,-1.88841769737797,34.6408446572071,-1.96244050893692,34.6894309424645,28.6589744107458,26.1879964212051,1994.23401032192,1996.70498831147,87200000
209,213,6.48940478970876,-1.88841769737797,34.6408446572071,-1.89734582765318,34.6483196395433,32.6774012109139,26.1879964212051,1994.23401032192,2000.72341511163,87200000
210,59,14.6511760720949,-1.96244050893692,34.6894309424645,-1.88651494475172,34.7209368382509,43.3101504828407,28.6589744107458,1996.70498831147,2011.35616438356,87200000
210,211,8.73870567005309,-1.96244050893692,34.6894309424645,-1.87286319806495,34.649307027368,37.3976800807989,28.6589744107458,1996.70498831147,2005.44369398152,87200000
211,212,1.56312261741861,-1.87286319806495,34.649307027368,-1.86821165124937,34.6123870046088,38.9608026982175,37.3976800807989,2005.44369398152,2007.00681659894,87200000
211,56,3.67959368971163,-1.87286319806495,34.649307027368,-2.15999838842242,34.6790302705901,41.0772737705105,37.3976800807989,2005.44369398152,2009.12328767123,87200000
212,58,4.34934778462318,-1.86821165124937,34.6123870046088,-1.75734404905763,34.5665574379211,43.3101504828407,38.9608026982175,2007.00681659894,2011.35616438356,87200000
212,57,2.689073812023,-1.86821165124937,34.6123870046088,-2.016282008444,34.4851593998582,41.6498765102405,38.9608026982175,2007.00681659894,2009.69589041096,87200000
213,214,1.81329239640416,-1.89734582765318,34.6483196395433,-1.7354395787238,34.6003394422486,34.490693607318,32.6774012109139,2000.72341511163,2002.53670750804,87200000
213,297,5.20590081780907,-1.89734582765318,34.6483196395433,-1.87322246983182,34.6962390737675,37.883302028723,32.6774012109139,2000.72341511163,2005.92931592944,87200000
214,60,1.58351107119245,-1.7354395787238,34.6003394422486,-1.71370538970552,34.6124734049268,36.0742046785105,34.490693607318,2002.53670750804,2004.12021857923,87200000
214,215,1.67734659701993,-1.7354395787238,34.6003394422486,-1.80443885485272,34.6458837537662,36.168040204338,34.490693607318,2002.53670750804,2004.21405410506,87200000
215,61,8.24223004795268,-1.80443885485272,34.6458837537662,-1.83521880630437,34.5684123864097,44.4102702522907,36.168040204338,2004.21405410506,2012.45628415301,87200000
215,216,1.19930462142091,-1.80443885485272,34.6458837537662,-1.80219228806964,34.6414773073224,37.3673448257589,36.168040204338,2004.21405410506,2005.41335872648,87200000
216,217,1.10392981638416,-1.80219228806964,34.6414773073224,-1.739517350555,34.6469705822773,38.471274642143,37.3673448257589,2005.41335872648,2006.51728854286,87200000
216,263,1.54982782165001,-1.80219228806964,34.6414773073224,-1.83088634135879,34.5584479890666,38.9171726474089,37.3673448257589,2005.41335872648,2006.96318654813,87200000
217,218,1.37575421675204,-1.739517350555,34.6469705822773,-1.77296497277736,34.6140837400093,39.8470288588951,38.471274642143,2006.51728854286,2007.89304275961,87200000
217,223,1.41930252052958,-1.739517350555,34.6469705822773,-1.74120512109494,34.6451145178093,39.8905771626726,38.471274642143,2006.51728854286,2007.93659106339,87200000
218,221,1.34110492021815,-1.77296497277736,34.6140837400093,-1.77730316295475,34.654941515772,41.1881337791132,39.8470288588951,2007.89304275961,2009.23414767983,87200000
218,219,2.21950080333416,-1.77296497277736,34.6140837400093,-1.75320193306611,34.6028850973898,42.0665296622292,39.8470288588951,2007.89304275961,2010.11254356295,87200000
219,62,0.964168765821439,-1.75320193306611,34.6028850973898,-1.75630398150645,34.6193129104067,43.0306984280507,42.0665296622292,2010.11254356295,2011.07671232877,87200000
219,220,0.137411188671839,-1.75320193306611,34.6028850973898,-1.58999033193075,34.4985962577907,42.2039408509011,42.0665296622292,2010.11254356295,2010.24995475162,87200000
220,64,2.83223702919954,-1.58999033193075,34.4985962577907,-1.58041478570386,34.4247213244771,45.0361778801006,42.2039408509011,2010.24995475162,2013.08219178082,87200000
220,63,0.766483604539552,-1.58999033193075,34.4985962577907,-1.58620510274451,34.5337545094004,42.9704244554406,42.2039408509011,2010.24995475162,2011.01643835616,87200000
221,67,2.39598930646727,-1.77730316295475,34.654941515772,-1.82648605931621,34.6350130472892,43.5841230855805,41.1881337791132,2009.23414767983,2011.6301369863,87200000
221,222,0.633922908826012,-1.77730316295475,34.654941515772,-1.75917194858034,34.6087843122758,41.8220566879392,41.1881337791132,2009.23414767983,2009.86807058866,87200000
222,66,0.937408863391227,-1.75917194858034,34.6087843122758,-1.85082620349663,34.6788229339084,42.7594655513305,41.8220566879392,2009.86807058866,2010.80547945205,87200000
222,65,1.16206639764135,-1.75917194858034,34.6087843122758,-1.74343163554125,34.6126692485549,42.9841230855806,41.8220566879392,2009.86807058866,2011.0301369863,87200000
223,225,0.169609694777665,-1.74120512109494,34.6451145178093,-1.80562741047263,34.6592776487541,40.0601868574503,39.8905771626726,2007.93659106339,2008.10620075817,87200000
223,224,4.25847891371867,-1.74120512109494,34.6451145178093,-1.73543273655109,34.3504533802558,44.1490560763913,39.8905771626726,2007.93659106339,2012.19506997711,87200000
224,69,0.950135502339225,-1.73543273655109,34.3504533802558,-1.74104896223089,34.3677854116935,45.0991915787305,44.1490560763913,2012.19506997711,2013.14520547945,87200000
224,68,0.130066634909344,-1.73543273655109,34.3504533802558,-1.73943755422282,34.3573488248502,44.2791227113006,44.1490560763913,2012.19506997711,2012.32513661202,87200000
225,226,2.61859148504415,-1.80562741047263,34.6592776487541,-1.74138289560604,34.5458849757225,42.6787783424944,40.0601868574503,2008.10620075817,2010.72479224321,87200000
225,230,2.42024552178786,-1.80562741047263,34.6592776487541,-1.8260567867939,34.6179317562085,42.4804323792381,40.0601868574503,2008.10620075817,2010.52644627996,87200000
226,227,0.223894321238649,-1.74138289560604,34.5458849757225,-1.75722609656839,34.5489899637123,42.9026726637331,42.6787783424944,2010.72479224321,2010.94868656445,87200000
226,229,0.820100569943795,-1.74138289560604,34.5458849757225,-1.73845917077994,34.5878468671709,43.4988789124382,42.6787783424944,2010.72479224321,2011.54489281316,87200000
227,228,0.147012643260681,-1.75722609656839,34.5489899637123,-1.76134068040803,34.5548849008576,43.0496853069938,42.9026726637331,2010.94868656445,2011.09569920771,87200000
227,72,0.437614805407386,-1.75722609656839,34.5489899637123,-1.79032199168991,34.5930718549993,43.3402874691405,42.9026726637331,2010.94868656445,2011.38630136986,87200000
228,71,0.589232299136845,-1.76134068040803,34.5548849008576,-1.73626302859421,34.6301612964199,43.6389176061306,43.0496853069938,2011.09569920771,2011.68493150685,87200000
228,70,1.24856308736675,-1.76134068040803,34.5548849008576,-1.87607030651718,34.6650417544126,44.2982483943605,43.0496853069938,2011.09569920771,2012.34426229508,87200000
229,74,0.0112715704022635,-1.73845917077994,34.5878468671709,-1.73838871383351,34.5889615609473,43.5101504828405,43.4988789124382,2011.54489281316,2011.55616438356,87200000
229,73,0.0660660909523672,-1.73845917077994,34.5878468671709,-1.73850037758284,34.5890826817558,43.5649450033906,43.4988789124382,2011.54489281316,2011.61095890411,87200000
230,231,0.00298086695219446,-1.8260567867939,34.6179317562085,-1.82568621566327,34.6136384716514,42.4834132461903,42.4804323792381,2010.52644627996,2010.52942714691,87200000
230,262,0.888551542653646,-1.8260567867939,34.6179317562085,-1.83027899550875,34.5838713821423,43.3689839218918,42.4804323792381,2010.52644627996,2011.41499782261,87200000
231,232,0.134854190320085,-1.82568621566327,34.6136384716514,-1.826147877715,34.6070723076433,42.6182674365104,42.4834132461903,2010.52942714691,2010.66428133723,87200000
231,257,0.167391635414933,-1.82568621566327,34.6136384716514,-1.60366628713233,34.3910629817674,42.6508048816053,42.4834132461903,2010.52942714691,2010.69681878232,87200000
232,246,0.475705495869831,-1.826147877715,34.6070723076433,-1.82698438608979,34.6124943615666,43.0939729323803,42.6182674365104,2010.66428133723,2011.1399868331,87200000
232,233,0.0911041502893939,-1.826147877715,34.6070723076433,-1.81893466967823,34.609774796667,42.7093715867998,42.6182674365104,2010.66428133723,2010.75538548752,87200000
233,234,0.169688678795494,-1.81893466967823,34.609774796667,-1.81993710792921,34.6549342914822,42.8790602655953,42.7093715867998,2010.75538548752,2010.92507416631,87200000
233,243,0.353919815685977,-1.81893466967823,34.609774796667,-1.84310307680857,34.6330697209881,43.0632914024858,42.7093715867998,2010.75538548752,2011.10930530321,87200000
234,75,0.488624463825325,-1.81993710792921,34.6549342914822,-1.87436300632416,34.7729885203142,43.3676847294206,42.8790602655953,2010.92507416631,2011.41369863014,87200000
234,235,0.477055993757063,-1.81993710792921,34.6549342914822,-1.8272504161384,34.6439476570531,43.3561162593524,42.8790602655953,2010.92507416631,2011.40213016007,87200000
235,76,1.13612120604819,-1.8272504161384,34.6439476570531,-1.81261648193913,34.6012970025836,44.4922374654006,43.3561162593524,2011.40213016007,2012.53825136612,87200000
235,236,0.106413200237001,-1.8272504161384,34.6439476570531,-1.8369993428708,34.6420689118745,43.4625294595894,43.3561162593524,2011.40213016007,2011.50854336031,87200000
236,237,0.308552978560366,-1.8369993428708,34.6420689118745,-1.97081293146839,34.6448231868084,43.7710824381497,43.4625294595894,2011.50854336031,2011.81709633887,87200000
236,241,0.35214466389215,-1.8369993428708,34.6420689118745,-1.84287205836162,34.6304362057841,43.8146741234815,43.4625294595894,2011.50854336031,2011.8606880242,87200000
237,238,0.0551740713905342,-1.97081293146839,34.6448231868084,-1.9695362727578,34.6325207259999,43.8262565095403,43.7710824381497,2011.81709633887,2011.87227041026,87200000
237,81,0.961592185720885,-1.97081293146839,34.6448231868084,-1.99574513030223,34.6612396333807,44.7326746238706,43.7710824381497,2011.81709633887,2012.77868852459,87200000
238,239,0.380041193504313,-1.9695362727578,34.6325207259999,-1.97111914726028,34.6066547222104,44.2062977030446,43.8262565095403,2011.87227041026,2012.25231160376,87200000
238,77,0.679642158050243,-1.9695362727578,34.6325207259999,-1.96222240383311,34.6419175156828,44.5058986675905,43.8262565095403,2011.87227041026,2012.55191256831,87200000
239,240,0.0759512904192228,-1.97111914726028,34.6066547222104,-1.97966067616864,34.6187698210662,44.2822489934638,44.2062977030446,2012.25231160376,2012.32826289418,87200000
239,78,0.122005336125909,-1.97111914726028,34.6066547222104,-1.97125637317899,34.6264611331516,44.3283030391705,44.2062977030446,2012.25231160376,2012.37431693989,87200000
240,80,0.0296606030866573,-1.97966067616864,34.6187698210662,-1.97134714127499,34.6257527101676,44.3119095965505,44.2822489934638,2012.32826289418,2012.35792349727,87200000
240,79,0.822422037326877,-1.97966067616864,34.6187698210662,-2.01613410788922,34.3762339748684,45.1046710307907,44.2822489934638,2012.32826289418,2013.15068493151,87200000
241,82,0.685760063229057,-1.84287205836162,34.6304362057841,-1.88464585793005,34.6997603230537,44.5004341867106,43.8146741234815,2011.8606880242,2012.54644808743,87200000
241,242,0.0555962054408785,-1.84287205836162,34.6304362057841,-1.84894175583042,34.6330593689693,43.8702703289224,43.8146741234815,2011.8606880242,2011.91628422964,87200000
242,84,0.310491726638278,-1.84894175583042,34.6330593689693,-1.88767165593149,34.6380173316365,44.1807620555607,43.8702703289224,2011.91628422964,2012.22677595628,87200000
242,83,0.411584622818085,-1.84894175583042,34.6330593689693,-1.81842066867513,34.6726992698936,44.2818549517405,43.8702703289224,2011.91628422964,2012.32786885246,87200000
243,244,0.144313572841167,-1.84310307680857,34.6330697209881,-1.81844764218021,34.7565290025661,43.207604975327,43.0632914024858,2011.10930530321,2011.25361887605,87200000
243,85,0.476996066654719,-1.84310307680857,34.6330697209881,-1.88369377047663,34.7387651827822,43.5402874691405,43.0632914024858,2011.10930530321,2011.58630136986,87200000
244,88,0.247750986963654,-1.81844764218021,34.7565290025661,-1.83626027396599,34.7043155178777,43.4553559622906,43.207604975327,2011.25361887605,2011.50136986301,87200000
244,245,0.157233234119244,-1.81844764218021,34.7565290025661,-1.8172195215689,34.7532710469685,43.3648382094462,43.207604975327,2011.25361887605,2011.41085211017,87200000
245,87,0.150791725454458,-1.8172195215689,34.7532710469685,-1.82639361819082,34.760790460683,43.5156299349007,43.3648382094462,2011.41085211017,2011.56164383562,87200000
245,86,0.148051999424372,-1.8172195215689,34.7532710469685,-1.82009054512546,34.7517164409329,43.5128902088706,43.3648382094462,2011.41085211017,2011.55890410959,87200000
246,256,0.189829305663022,-1.82698438608979,34.6124943615666,-1.83896695983049,34.6567960008692,43.2838022380433,43.0939729323803,2011.1399868331,2011.32981613876,87200000
246,247,0.258830767294969,-1.82698438608979,34.6124943615666,-1.83164133793477,34.6501961531881,43.3528036996752,43.0939729323803,2011.1399868331,2011.39881760039,87200000
247,248,0.731229683099408,-1.83164133793477,34.6501961531881,-1.83775779080334,34.6838657725105,44.0840333827746,43.3528036996752,2011.39881760039,2012.13004728349,87200000
247,250,0.138095848016386,-1.83164133793477,34.6501961531881,-1.83451462022363,34.6772364228794,43.4908995476916,43.3528036996752,2011.39881760039,2011.53691344841,87200000
248,91,0.87269244253603,-1.83775779080334,34.6838657725105,-1.83709142472723,34.6862336887602,44.9567258253107,44.0840333827746,2012.13004728349,2013.00273972603,87200000
248,249,0.27841165467994,-1.83775779080334,34.6838657725105,-1.84140522569787,34.6553042518434,44.3624450374546,44.0840333827746,2012.13004728349,2012.40845893817,87200000
249,89,0.137989149256012,-1.84140522569787,34.6553042518434,-1.91456458344676,34.758424809103,44.5004341867106,44.3624450374546,2012.40845893817,2012.54644808743,87200000
249,90,0.105202264015955,-1.84140522569787,34.6553042518434,-1.83548118024565,34.6676371220333,44.4676473014705,44.3624450374546,2012.40845893817,2012.51366120219,87200000
250,251,0.116978321601214,-1.83451462022363,34.6772364228794,-1.83022788007205,34.6770395087369,43.6078778692928,43.4908995476916,2011.53691344841,2011.65389177001,87200000
250,98,0.0192509351488823,-1.83451462022363,34.6772364228794,-1.83302175575608,34.6768649764426,43.5101504828405,43.4908995476916,2011.53691344841,2011.55616438356,87200000
251,252,0.164782944314189,-1.83022788007205,34.6770395087369,-1.82255470431096,34.6737068513524,43.772660813607,43.6078778692928,2011.65389177001,2011.81867471433,87200000
251,255,0.291624199143866,-1.83022788007205,34.6770395087369,-1.87538860888172,34.6442033071949,43.8995020684367,43.6078778692928,2011.65389177001,2011.94551596916,87200000
252,253,0.155218792498345,-1.82255470431096,34.6737068513524,-1.78282294249524,34.7068207585638,43.9278796061054,43.772660813607,2011.81867471433,2011.97389350682,87200000
252,95,0.938155886763649,-1.82255470431096,34.6737068513524,-1.83446491135787,34.6998920466655,44.7108167003707,43.772660813607,2011.81867471433,2012.75683060109,87200000
253,254,0.402539834814004,-1.78282294249524,34.7068207585638,-1.67478166150817,34.3244509831418,44.3304194409194,43.9278796061054,2011.97389350682,2012.37643334164,87200000
253,92,0.736489006835297,-1.78282294249524,34.7068207585638,-1.77924243363685,34.7144985611829,44.6643686129407,43.9278796061054,2011.97389350682,2012.71038251366,87200000
254,94,0.481490155631108,-1.67478166150817,34.3244509831418,-1.66768798096573,34.3148569183595,44.8119095965505,44.3304194409194,2012.37643334164,2012.85792349727,87200000
254,93,0.489686876941122,-1.67478166150817,34.3244509831418,-1.68472520595481,34.2928290514019,44.8201063178605,44.3304194409194,2012.37643334164,2012.86612021858,87200000
255,97,1.69284019522384,-1.87538860888172,34.6442033071949,-1.77596199314754,34.7787244772372,45.5923422636605,43.8995020684367,2011.94551596916,2013.63835616438,87200000
255,96,0.398746325923829,-1.87538860888172,34.6442033071949,-1.875844704061,34.6645382286697,44.2982483943605,43.8995020684367,2011.94551596916,2012.34426229508,87200000
256,100,0.10854002561721,-1.83896695983049,34.6567960008692,-1.75354941571306,34.7833222707114,43.3923422636605,43.2838022380433,2011.32981613876,2011.43835616438,87200000
256,99,0.135937285897378,-1.83896695983049,34.6567960008692,-1.83768371350555,34.6815158383078,43.4197395239407,43.2838022380433,2011.32981613876,2011.46575342466,87200000
257,258,0.00957710666579814,-1.60366628713233,34.3910629817674,-1.60426930747793,34.3910570900357,42.6603819882711,42.6508048816053,2010.69681878232,2010.70639588899,87200000
257,106,0.305920943705389,-1.60366628713233,34.3910629817674,-1.60171252690579,34.4129054822951,42.9567258253107,42.6508048816053,2010.69681878232,2011.00273972603,87200000
258,261,0.363486897269371,-1.60426930747793,34.3910570900357,-1.61101629703368,34.3788864353028,43.0238688855404,42.6603819882711,2010.70639588899,2011.06988278626,87200000
258,259,0.247986000164917,-1.60426930747793,34.3910570900357,-1.59666913805522,34.3470650497803,42.908367988436,42.6603819882711,2010.70639588899,2010.95438188916,87200000
259,101,0.185344138244591,-1.59666913805522,34.3470650497803,-1.58904378598385,34.3137004473711,43.0937121266806,42.908367988436,2010.95438188916,2011.1397260274,87200000
259,260,0.488351366660243,-1.59666913805522,34.3470650497803,-1.60849500096816,34.3456833735084,43.3967193550962,42.908367988436,2010.95438188916,2011.44273325582,87200000
260,103,0.162746196234422,-1.60849500096816,34.3456833735084,-1.69092476475305,34.6229153826427,43.5594655513307,43.3967193550962,2011.44273325582,2011.60547945205,87200000
260,102,0.143568114044284,-1.60849500096816,34.3456833735084,-1.62966503230213,34.3637246603576,43.5402874691405,43.3967193550962,2011.44273325582,2011.58630136986,87200000
261,104,0.510939131550133,-1.61101629703368,34.3788864353028,-1.62951563012765,34.363839367628,43.5348080170906,43.0238688855404,2011.06988278626,2011.58082191781,87200000
261,105,0.549295295930181,-1.61101629703368,34.3788864353028,-1.60675783771524,34.3755924989369,43.5731641814706,43.0238688855404,2011.06988278626,2011.61917808219,87200000
262,108,2.25623505409885,-1.83027899550875,34.5838713821423,-1.85220430448073,34.5362498642791,45.6252189759906,43.3689839218918,2011.41499782261,2013.67123287671,87200000
262,107,0.212399437658858,-1.83027899550875,34.5838713821423,-1.83265550393602,34.603247083445,43.5813833595506,43.3689839218918,2011.41499782261,2011.62739726027,87200000
263,276,1.5515381312401,-1.83088634135879,34.5584479890666,-1.79576153825516,34.552077208081,40.468710778649,38.9171726474089,2006.96318654813,2008.51472467937,87200000
263,264,1.0879894818889,-1.83088634135879,34.5584479890666,-1.80030069836633,34.5005296054672,40.0051621292978,38.9171726474089,2006.96318654813,2008.05117603002,87200000
264,265,0.565932154765666,-1.80030069836633,34.5005296054672,-1.78464260740959,34.4589837379577,40.5710942840635,40.0051621292978,2008.05117603002,2008.61710818478,87200000
264,272,3.73060117818612,-1.80030069836633,34.5005296054672,-1.77508212860369,34.4547242519821,43.7357633074839,40.0051621292978,2008.05117603002,2011.7817772082,87200000
265,266,2.2810776999985,-1.78464260740959,34.4589837379577,-1.79077053632019,34.4572774571496,42.852171984062,40.5710942840635,2008.61710818478,2010.89818588478,87200000
265,270,3.11693891264622,-1.78464260740959,34.4589837379577,-1.81988484266171,34.624358512167,43.6880331967097,40.5710942840635,2008.61710818478,2011.73404709743,87200000
266,267,0.712878698072067,-1.79077053632019,34.4572774571496,-1.61362789783548,34.3456471587782,43.565050682134,42.852171984062,2010.89818588478,2011.61106458285,87200000
266,269,0.632161007660033,-1.79077053632019,34.4572774571496,-1.7729805065537,34.4008126559422,43.484332991722,42.852171984062,2010.89818588478,2011.53034689244,87200000
267,111,0.32866144454651,-1.61362789783548,34.3456471587782,-1.61202165212409,34.3758207185621,43.8937121266805,43.565050682134,2011.61106458285,2011.9397260274,87200000
267,268,0.156595018924859,-1.61362789783548,34.3456471587782,-1.60175834514573,34.3401829650022,43.7216457010589,43.565050682134,2011.61106458285,2011.76765960178,87200000
268,110,0.248733840841722,-1.60175834514573,34.3401829650022,-1.60094429918482,34.3389510027151,43.9703795419006,43.7216457010589,2011.76765960178,2012.01639344262,87200000
268,109,0.204943137951758,-1.60175834514573,34.3401829650022,-1.60053663185376,34.3381459027626,43.9265888390106,43.7216457010589,2011.76765960178,2011.97260273973,87200000
269,113,0.228557217148636,-1.7729805065537,34.4008126559422,-1.76801273117251,34.4135286760767,43.7128902088706,43.484332991722,2011.53034689244,2011.75890410959,87200000
269,112,0.20663940892864,-1.7729805065537,34.4008126559422,-1.77498272547018,34.4060197426465,43.6909724006506,43.484332991722,2011.53034689244,2011.73698630137,87200000
270,114,1.66321317654091,-1.81988484266171,34.624358512167,-1.99740166699726,34.6596683300834,45.3512463732506,43.6880331967097,2011.73404709743,2013.39726027397,87200000
270,271,0.0556755047587829,-1.81988484266171,34.624358512167,-1.81916506928714,34.6226979652786,43.7437087014685,43.6880331967097,2011.73404709743,2011.78972260219,87200000
271,115,0.182880137542186,-1.81916506928714,34.6226979652786,-1.82315022606327,34.633670882451,43.9265888390106,43.7437087014685,2011.78972260219,2011.97260273973,87200000
271,116,0.16644178137213,-1.81916506928714,34.6226979652786,-1.81835965272865,34.6209491120124,43.9101504828406,43.7437087014685,2011.78972260219,2011.95616438356,87200000
272,273,0.0952149254643042,-1.77508212860369,34.4547242519821,-1.77281310166043,34.4234195548361,43.8309782329482,43.7357633074839,2011.7817772082,2011.87699213367,87200000
272,121,0.439534267206616,-1.77508212860369,34.4547242519821,-1.77449185730687,34.4556702612435,44.1752975746905,43.7357633074839,2011.7817772082,2012.22131147541,87200000
273,275,0.292107043275461,-1.77281310166043,34.4234195548361,-1.76653339331492,34.409389043684,44.1230852762237,43.8309782329482,2011.87699213367,2012.16909917694,87200000
273,274,0.292132381345487,-1.77281310166043,34.4234195548361,-1.77368663431693,34.4130208569903,44.1231106142937,43.8309782329482,2011.87699213367,2012.16912451501,87200000
274,117,0.101367288266915,-1.77368663431693,34.4130208569903,-1.77886068456144,34.4087910802189,44.2244779025606,44.1231106142937,2012.16912451501,2012.27049180328,87200000
274,118,0.109564009576929,-1.77368663431693,34.4130208569903,-1.77667201170508,34.408672572708,44.2326746238706,44.1231106142937,2012.16912451501,2012.27868852459,87200000
275,120,0.177895358576928,-1.76653339331492,34.409389043684,-1.76761617858348,34.41169477276,44.3009806348006,44.1230852762237,2012.16909917694,2012.34699453552,87200000
275,119,0.197021041636811,-1.76653339331492,34.409389043684,-1.63980851660989,34.4636092823022,44.3201063178605,44.1230852762237,2012.16909917694,2012.36612021858,87200000
276,143,2.77020682748152,-1.79576153825516,34.552077208081,-1.73446751050079,34.6043034680319,43.2389176061305,40.468710778649,2008.51472467937,2011.28493150685,87200000
276,277,1.03147600451976,-1.79576153825516,34.552077208081,-1.78831283201502,34.5556345885201,41.5001867831688,40.468710778649,2008.51472467937,2009.54620068389,87200000
277,122,1.50311438460175,-1.78831283201502,34.5556345885201,-1.79522154532959,34.5431491538265,43.0033011677705,41.5001867831688,2009.54620068389,2011.04931506849,87200000
277,278,0.60808310020073,-1.78831283201502,34.5556345885201,-1.75715321057318,34.6022568542516,42.1082698833695,41.5001867831688,2009.54620068389,2010.15428378409,87200000
278,123,0.311469640571171,-1.75715321057318,34.6022568542516,-1.70478789121478,34.5361099539857,42.4197395239407,42.1082698833695,2010.15428378409,2010.46575342466,87200000
278,279,0.588060943353958,-1.75715321057318,34.6022568542516,-1.76822734014846,34.5886231792543,42.6963308267234,42.1082698833695,2010.15428378409,2010.74234472744,87200000
279,280,0.217894501561599,-1.76822734014846,34.5886231792543,-1.78169030951858,34.5802916370565,42.914225328285,42.6963308267234,2010.74234472744,2010.960239229,87200000
279,294,0.257134726375667,-1.76822734014846,34.5886231792543,-1.72543443486209,34.5809899497422,42.9534655530991,42.6963308267234,2010.74234472744,2010.99947945382,87200000
280,124,2.35208953811564,-1.78169030951858,34.5802916370565,-1.69167349413049,34.7190118203466,45.2663148664007,42.914225328285,2010.960239229,2013.31232876712,87200000
280,281,0.0553464678491524,-1.78169030951858,34.5802916370565,-1.7803384358513,34.5832787184785,42.9695717961342,42.914225328285,2010.960239229,2011.01558569685,87200000
281,292,0.495408328685946,-1.7803384358513,34.5832787184785,-1.75216717189579,34.6710572887239,43.4649801248201,42.9695717961342,2011.01558569685,2011.51099402554,87200000
281,282,0.0370842188705001,-1.7803384358513,34.5832787184785,-1.77662455668752,34.5878241814499,43.0066560150047,42.9695717961342,2011.01558569685,2011.05266991572,87200000
282,283,0.0518831762286616,-1.77662455668752,34.5878241814499,-1.76894526260255,34.5310427753317,43.0585391912334,43.0066560150047,2011.05266991572,2011.10455309195,87200000
282,291,0.0247801053674808,-1.77662455668752,34.5878241814499,-1.80566776813081,34.4736664845905,43.0314361203722,43.0066560150047,2011.05266991572,2011.07745002109,87200000
283,284,0.916769046639346,-1.76894526260255,34.5310427753317,-1.7958725083586,34.5052322422189,43.9753082378727,43.0585391912334,2011.10455309195,2012.02132213859,87200000
283,288,0.7520419930477,-1.76894526260255,34.5310427753317,-1.76865441715072,34.5029808287679,43.8105811842811,43.0585391912334,2011.10455309195,2011.856595085,87200000
284,285,0.0619061976060213,-1.7958725083586,34.5052322422189,-1.78874583750071,34.4184376770103,44.0372144354787,43.9753082378727,2012.02132213859,2012.0832283362,87200000
284,125,0.579770757577905,-1.7958725083586,34.5052322422189,-1.58213989041325,34.4265979064528,44.5550789954506,43.9753082378727,2012.02132213859,2012.60109289617,87200000
285,129,0.168137784021781,-1.78874583750071,34.4184376770103,-1.79474747695297,34.402727022094,44.2053522195005,44.0372144354787,2012.0832283362,2012.25136612022,87200000
285,286,0.222590964667288,-1.78874583750071,34.4184376770103,-1.81567261402017,34.3318238122777,44.259805400146,44.0372144354787,2012.0832283362,2012.30581930087,87200000
286,287,0.0946706215147159,-1.81567261402017,34.3318238122777,-1.63512856935043,34.4641444609393,44.3544760216607,44.259805400146,2012.30581930087,2012.40048992238,87200000
286,126,0.0111205898446112,-1.81567261402017,34.3318238122777,-1.81641338959954,34.3255668780651,44.2709259899906,44.259805400146,2012.30581930087,2012.31693989071,87200000
287,127,0.0803843945597389,-1.63512856935043,34.4641444609393,-1.63052787727559,34.4637138538988,44.4348604162205,44.3544760216607,2012.40048992238,2012.48087431694,87200000
287,128,0.0885811158697531,-1.63512856935043,34.4641444609393,-1.63976432335119,34.4641448861647,44.4430571375305,44.3544760216607,2012.40048992238,2012.48907103825,87200000
288,130,0.0064186136296045,-1.76865441715072,34.5029808287679,-1.76836708797806,34.4693273278344,43.8169997979107,43.8105811842811,2011.856595085,2011.86301369863,87200000
288,289,0.463267958340773,-1.76865441715072,34.5029808287679,-1.75136284801018,34.5630046253572,44.2738491426218,43.8105811842811,2011.856595085,2012.31986304334,87200000
289,133,0.349535863758751,-1.75136284801018,34.5630046253572,-1.77200623323079,34.5426085197387,44.6233850063806,44.2738491426218,2012.31986304334,2012.6693989071,87200000
289,290,0.0304698255578015,-1.75136284801018,34.5630046253572,-1.7532213252944,34.5611646437417,44.3043189681796,44.2738491426218,2012.31986304334,2012.3503328689,87200000
290,132,0.18791849722094,-1.7532213252944,34.5611646437417,-1.76310948036685,34.593048535854,44.4922374654006,44.3043189681796,2012.3503328689,2012.53825136612,87200000
290,131,0.805831514661,-1.7532213252944,34.5611646437417,-1.73913273225743,34.5630102536699,45.1101504828406,44.3043189681796,2012.3503328689,2013.15616438356,87200000
291,134,0.00200203369835528,-1.80566776813081,34.4736664845905,-1.80747360256987,34.4728491811662,43.0334381540705,43.0314361203722,2011.07745002109,2011.07945205479,87200000
291,135,0.00474175972844115,-1.80566776813081,34.4736664845905,-1.80712949005028,34.4728842277935,43.0361778801006,43.0314361203722,2011.07745002109,2011.08219178082,87200000
292,136,0.0616087141904096,-1.75216717189579,34.6710572887239,-1.86742626485625,34.8003562582331,43.5265888390106,43.4649801248201,2011.51099402554,2011.57260273973,87200000
292,293,1.22259858424119,-1.75216717189579,34.6710572887239,-1.70276641115931,34.6556503083977,44.6875787090613,43.4649801248201,2011.51099402554,2012.73359260978,87200000
293,137,0.94585944500934,-1.70276641115931,34.6556503083977,-1.71273941285753,34.6526987204539,45.6334381540707,44.6875787090613,2012.73359260978,2013.67945205479,87200000
293,138,0.397914239529221,-1.70276641115931,34.6556503083977,-1.73353314967614,34.778513638341,45.0854929485905,44.6875787090613,2012.73359260978,2013.13150684931,87200000
294,139,0.499150683171426,-1.72543443486209,34.5809899497422,-1.73710502484885,34.6052313628747,43.4526162362705,42.9534655530991,2010.99947945382,2011.49863013699,87200000
294,295,0.109068643420038,-1.72543443486209,34.5809899497422,-1.7332563002131,34.5848007059489,43.0625341965192,42.9534655530991,2010.99947945382,2011.10854809724,87200000
295,142,0.559945053441407,-1.7332563002131,34.5848007059489,-1.7336501591266,34.6083111087522,43.6224792499606,43.0625341965192,2011.10854809724,2011.66849315068,87200000
295,296,0.0311826806205011,-1.7332563002131,34.5848007059489,-1.73144280477124,34.5904750478515,43.0937168771396,43.0625341965192,2011.10854809724,2011.13973077786,87200000
296,140,0.287666482410954,-1.73144280477124,34.5904750478515,-1.73743026239574,34.6059023912834,43.3813833595506,43.0937168771396,2011.13973077786,2011.42739726027,87200000
296,141,0.021913057760925,-1.73144280477124,34.5904750478515,-1.6317024195867,34.3497603684401,43.1156299349006,43.0937168771396,2011.13973077786,2011.16164383562,87200000
297,151,6.4313398082576,-1.87322246983182,34.6962390737675,-1.84519486698124,34.5262400230255,44.3146418369805,37.883302028723,2005.92931592944,2012.3606557377,87200000
297,298,1.83641565897855,-1.87322246983182,34.6962390737675,-1.85094137508545,34.8017961353813,39.7197176877015,37.883302028723,2005.92931592944,2007.76573158842,87200000
298,144,0.974705570049132,-1.85094137508545,34.8017961353813,-1.85663984224504,34.8118367236736,40.6944232577506,39.7197176877015,2007.76573158842,2008.74043715847,87200000
298,299,0.653681568416155,-1.85094137508545,34.8017961353813,-1.85727747806515,34.8092420453487,40.3733992561177,39.7197176877015,2007.76573158842,2008.41941315684,87200000
299,145,0.321024001632977,-1.85727747806515,34.8092420453487,-1.85680334679902,34.8123445578813,40.6944232577506,40.3733992561177,2008.41941315684,2008.74043715847,87200000
299,300,0.00574791778116257,-1.85727747806515,34.8092420453487,-1.85905772088424,34.7898777827323,40.3791471738988,40.3733992561177,2008.41941315684,2008.42516107462,87200000
300,301,0.0708996394354289,-1.85905772088424,34.7898777827323,-1.85773337030952,34.7786711711476,40.4500468133343,40.3791471738988,2008.42516107462,2008.49606071405,87200000
300,150,0.468281548331789,-1.85905772088424,34.7898777827323,-1.76596832361734,34.7800988871366,40.8474287222306,40.3791471738988,2008.42516107462,2008.89344262295,87200000
301,146,0.0886387394963286,-1.85773337030952,34.7786711711476,-1.86062211225926,34.7687687620166,40.5386855528306,40.4500468133343,2008.49606071405,2008.58469945355,87200000
301,302,0.0493965619763674,-1.85773337030952,34.7786711711476,-1.86033177792793,34.7949421162746,40.4994433753106,40.4500468133343,2008.49606071405,2008.54545727603,87200000
302,149,0.0337776966500289,-1.86033177792793,34.7949421162746,-1.86300042420936,34.804189207138,40.5332210719606,40.4994433753106,2008.54545727603,2008.57923497268,87200000
302,303,0.0449903276977279,-1.86033177792793,34.7949421162746,-1.8634536231956,34.7988054897994,40.5444337030083,40.4994433753106,2008.54545727603,2008.59044760373,87200000
303,147,0.453388012712224,-1.8634536231956,34.7988054897994,-1.85908316780171,34.797094490897,40.9978217157206,40.5444337030083,2008.59044760373,2009.04383561644,87200000
303,148,0.00791305201218417,-1.8634536231956,34.7988054897994,-1.84107679295044,34.817045179211,40.5523467550205,40.5444337030083,2008.59044760373,2008.59836065574,87200000
